time (days since 1610-01-01),irradiance (W/m^2),uncertainty (W/m^2)
99360.0,1360.78759765625,0.4894365966320038
99391.0,1360.7861328125,0.5602162480354309
99419.0,1360.6796875,0.5955523252487183
99450.0,1360.348876953125,0.7054582238197327
99480.0,1360.2493896484375,0.6216161847114563
99511.0,1360.5247802734375,0.49746471643447876
99541.0,1360.6456298828125,0.48585420846939087
99572.0,1360.516357421875,0.4942012429237366
99603.0,1360.42431640625,0.5398586392402649
99633.0,1360.274169921875,0.5975289940834045
99664.0,1360.1259765625,0.694537341594696
99694.0,1360.8045654296875,0.48201605677604675
99725.0,1360.538330078125,0.5561780333518982
99756.0,1360.52880859375,0.5344015955924988
99784.0,1360.5992431640625,0.5122940540313721
99815.0,1360.4302978515625,0.6170288324356079
99845.0,1360.7879638671875,0.478427916765213
99876.0,1360.2403564453125,0.6355199813842773
99906.0,1360.04296875,0.716821551322937
99937.0,1360.7186279296875,0.5316823720932007
99968.0,1360.47314453125,0.6179618835449219
99998.0,1360.34033203125,0.7005883455276489
100029.0,1360.5245361328125,0.7427063584327698
100059.0,1360.6680908203125,0.6992976069450378
100090.0,1360.6734619140625,0.7527274489402771
100121.0,1360.715576171875,0.7429681420326233
100150.0,1360.7926025390625,0.7159222960472107
100181.0,1360.4742431640625,0.711611807346344
100211.0,1360.6541748046875,0.658543586730957
100242.0,1360.9228515625,0.5654260516166687
100272.0,1360.7713623046875,0.5551667213439941
100303.0,1360.6966552734375,0.569175124168396
100334.0,1360.5106201171875,0.6197364330291748
100364.0,1360.4432373046875,0.589198648929596
100395.0,1360.6728515625,0.5083994269371033
100425.0,1360.4947509765625,0.5826822519302368
100456.0,1360.723388671875,0.5425647497177124
100487.0,1360.5299072265625,0.6373327374458313
100515.0,1360.5394287109375,0.5670246481895447
100546.0,1360.4903564453125,0.5834179520606995
100576.0,1360.6573486328125,0.6586982607841492
100607.0,1360.239501953125,0.7407435178756714
100637.0,1360.5228271484375,0.6464695930480957
100668.0,1360.6273193359375,0.5601555705070496
100699.0,1360.521728515625,0.5493404269218445
100729.0,1360.4588623046875,0.5460872054100037
100760.0,1360.522216796875,0.5059176087379456
100790.0,1360.5418701171875,0.4609687030315399
100821.0,1360.33154296875,0.4986026883125305
100852.0,1360.489990234375,0.4804346263408661
100880.0,1360.2596435546875,0.6041197776794434
100911.0,1360.47412109375,0.5435541272163391
100941.0,1360.2901611328125,0.5259215235710144
100972.0,1360.4466552734375,0.49134668707847595
101002.0,1360.353515625,0.4954063594341278
101033.0,1360.47998046875,0.44696658849716187
101064.0,1360.398681640625,0.4555087685585022
101094.0,1360.3441162109375,0.41195958852767944
101125.0,1360.2872314453125,0.3888421356678009
101155.0,1360.2552490234375,0.4312247931957245
101186.0,1360.347412109375,0.4258705675601959
101217.0,1360.3851318359375,0.43048954010009766
101245.0,1360.34130859375,0.41251829266548157
101276.0,1360.33203125,0.4176918864250183
101306.0,1360.3162841796875,0.4641641080379486
101337.0,1360.332275390625,0.4780077040195465
101367.0,1360.336669921875,0.4866466224193573
101398.0,1360.3802490234375,0.46370670199394226
101429.0,1360.260986328125,0.43508049845695496
101459.0,1360.2957763671875,0.42567214369773865
101490.0,1360.3145751953125,0.4253092408180237
101520.0,1360.0814208984375,0.4995940625667572
101551.0,1360.3388671875,0.4521367847919464
101582.0,1360.2620849609375,0.43008503317832947
101611.0,1360.25244140625,0.4279189109802246
101642.0,1360.2998046875,0.4207783043384552
101672.0,1360.189208984375,0.4349461495876312
101703.0,1360.2734375,0.4202752113342285
101733.0,1360.2745361328125,0.4157499074935913
101764.0,1360.286376953125,0.4252431392669678
101795.0,1360.283203125,0.4395022988319397
101825.0,1360.276611328125,0.41397759318351746
101856.0,1360.1715087890625,0.44998762011528015
101886.0,1360.24755859375,0.4270775020122528
101917.0,1360.2379150390625,0.40516507625579834
101948.0,1360.24755859375,0.4142948389053345
101976.0,1360.2879638671875,0.4183225631713867
102007.0,1360.25341796875,0.41195032000541687
102037.0,1360.244384765625,0.4045473039150238
102068.0,1360.17333984375,0.4370294511318207
102098.0,1360.28076171875,0.4444844126701355
102129.0,1360.2646484375,0.4653325080871582
102160.0,1360.2803955078125,0.42595142126083374
102190.0,1360.254150390625,0.40344202518463135
102221.0,1360.234619140625,0.39598962664604187
102251.0,1360.2562255859375,0.41037267446517944
102282.0,1360.2796630859375,0.4105083644390106
102313.0,1360.25341796875,0.39710021018981934
102341.0,1360.23681640625,0.40463414788246155
102372.0,1360.266845703125,0.39987537264823914
102402.0,1360.30322265625,0.4084567725658417
102433.0,1360.2899169921875,0.40116846561431885
102463.0,1360.2994384765625,0.42646393179893494
102494.0,1360.281494140625,0.43941619992256165
102525.0,1360.3267822265625,0.45413535833358765
102555.0,1360.2591552734375,0.43789857625961304
102586.0,1360.232421875,0.42839565873146057
102616.0,1360.346923828125,0.41932258009910583
102647.0,1360.367919921875,0.4500073492527008
102678.0,1360.43701171875,0.4828386604785919
102706.0,1360.486083984375,0.4539394676685333
102737.0,1360.4927978515625,0.5045457482337952
102767.0,1360.6192626953125,0.5759083032608032
102798.0,1360.6427001953125,0.5954400300979614
102828.0,1360.4833984375,0.6307362914085388
102859.0,1360.716064453125,0.5645796656608582
102890.0,1360.3262939453125,0.6516026854515076
102920.0,1360.6561279296875,0.5953925251960754
102951.0,1360.5863037109375,0.5798571705818176
102981.0,1360.63623046875,0.5512993335723877
103012.0,1360.5941162109375,0.680717945098877
103043.0,1360.204345703125,0.7563543319702148
103072.0,1360.7109375,0.610011875629425
103103.0,1360.7349853515625,0.6698532700538635
103133.0,1360.510986328125,0.7549667954444885
103164.0,1360.85986328125,0.7167527675628662
103194.0,1360.319091796875,0.7830431461334229
103225.0,1360.69873046875,0.7688091397285461
103256.0,1360.7841796875,0.671063244342804
103286.0,1360.7332763671875,0.6581977605819702
103317.0,1360.69189453125,0.6499613523483276
103347.0,1360.9189453125,0.6833576560020447
103378.0,1360.638671875,0.7017613053321838
103409.0,1360.5999755859375,0.6885374784469604
103437.0,1360.8594970703125,0.6761751174926758
103468.0,1360.9462890625,0.7538526058197021
103498.0,1361.138671875,0.774643063545227
103529.0,1360.9627685546875,0.7971776723861694
103559.0,1360.937744140625,0.8228804469108582
103590.0,1360.723388671875,0.956479012966156
103621.0,1360.686767578125,0.8211100697517395
103651.0,1360.900390625,0.7936784029006958
103682.0,1360.84765625,0.7649261355400085
103712.0,1360.536376953125,0.8393104076385498
103743.0,1361.0428466796875,0.8505523204803467
103774.0,1360.9786376953125,0.8062857985496521
103802.0,1361.1512451171875,0.6559460163116455
103833.0,1360.6944580078125,0.7789537310600281
103863.0,1360.8272705078125,0.8359832167625427
103894.0,1360.89501953125,0.8792214393615723
103924.0,1360.990234375,0.8687198162078857
103955.0,1360.9149169921875,0.7389261722564697
103986.0,1361.149658203125,0.6584962606430054
104016.0,1360.697998046875,0.699379563331604
104047.0,1361.0303955078125,0.6226302981376648
104077.0,1360.7982177734375,0.6582247018814087
104108.0,1360.8583984375,0.6632272005081177
104139.0,1360.999755859375,0.6851179599761963
104167.0,1360.8524169921875,0.686988353729248
104198.0,1360.9053955078125,0.691899299621582
104228.0,1360.9093017578125,0.658428966999054
104259.0,1360.732177734375,0.6857037544250488
104289.0,1361.0404052734375,0.587385892868042
104320.0,1360.48095703125,0.6977258920669556
104351.0,1360.714599609375,0.6202732920646667
104381.0,1360.44384765625,0.6648271083831787
104412.0,1360.789794921875,0.6043030619621277
104442.0,1360.7337646484375,0.6645619869232178
104473.0,1360.8736572265625,0.5184857249259949
104504.0,1360.5604248046875,0.5852653384208679
104533.0,1360.6917724609375,0.5462357997894287
104564.0,1360.661865234375,0.5211371183395386
104594.0,1360.62109375,0.4637519121170044
104625.0,1360.376220703125,0.5554524660110474
104655.0,1360.625732421875,0.5301939249038696
104686.0,1360.58984375,0.4771403968334198
104717.0,1360.2071533203125,0.5992980599403381
104747.0,1360.6282958984375,0.49260151386260986
104778.0,1360.5389404296875,0.5322197079658508
104808.0,1360.5628662109375,0.5489118695259094
104839.0,1360.1385498046875,0.6311246752738953
104870.0,1360.3031005859375,0.5760762691497803
104898.0,1360.5648193359375,0.5287387371063232
104929.0,1360.6319580078125,0.5119770765304565
104959.0,1360.36572265625,0.48016759753227234
104990.0,1360.4510498046875,0.43823468685150146
105020.0,1360.6107177734375,0.4719565808773041
105051.0,1360.4737548828125,0.5021376013755798
105082.0,1360.4342041015625,0.5650298595428467
105112.0,1360.580810546875,0.44955974817276
105143.0,1360.46630859375,0.412781685590744
105173.0,1360.285400390625,0.5278535485267639
105204.0,1360.58056640625,0.5247952342033386
105235.0,1360.434326171875,0.5386164784431458
105263.0,1360.3232421875,0.5303232073783875
105294.0,1360.457275390625,0.44586679339408875
105324.0,1360.490234375,0.47070977091789246
105355.0,1360.5357666015625,0.4455183744430542
105385.0,1360.4454345703125,0.42436572909355164
105416.0,1360.3507080078125,0.5094903707504272
105447.0,1360.153564453125,0.5501881241798401
105477.0,1360.3316650390625,0.5411388278007507
105508.0,1360.469970703125,0.5033547878265381
105538.0,1360.3956298828125,0.45310911536216736
105569.0,1360.3751220703125,0.45536503195762634
105600.0,1360.386474609375,0.42007970809936523
105628.0,1360.2850341796875,0.44963404536247253
105659.0,1360.3892822265625,0.44410237669944763
105689.0,1360.3961181640625,0.42226535081863403
105720.0,1360.3438720703125,0.4535548686981201
105750.0,1360.3406982421875,0.4422668516635895
105781.0,1360.30126953125,0.3924703598022461
105812.0,1360.2806396484375,0.39830395579338074
105842.0,1360.3013916015625,0.4134715795516968
105873.0,1360.3455810546875,0.40976235270500183
105903.0,1360.37744140625,0.422137975692749
105934.0,1360.3507080078125,0.41852760314941406
105965.0,1360.3330078125,0.4255252182483673
105993.0,1360.300048828125,0.4187171459197998
106024.0,1360.388916015625,0.42806875705718994
106054.0,1360.325439453125,0.4398098289966583
106085.0,1360.345458984375,0.42606833577156067
106115.0,1360.3365478515625,0.4085176885128021
106146.0,1360.3118896484375,0.3942108452320099
106177.0,1360.33544921875,0.4009784162044525
106207.0,1360.2791748046875,0.4136614501476288
106238.0,1360.2919921875,0.3896087408065796
106268.0,1360.2469482421875,0.3758869767189026
106299.0,1360.2347412109375,0.3720027804374695
106330.0,1360.248046875,0.3733444809913635
106358.0,1360.267822265625,0.3766675591468811
106389.0,1360.254150390625,0.36815768480300903
106419.0,1360.1697998046875,0.4005548655986786
106450.0,1360.305419921875,0.38455837965011597
106480.0,1360.2694091796875,0.36352843046188354
106511.0,1360.2476806640625,0.35630324482917786
106542.0,1360.24658203125,0.3535543382167816
106572.0,1360.2703857421875,0.35859212279319763
106603.0,1360.2911376953125,0.3674740195274353
106633.0,1360.2774658203125,0.3519752025604248
106664.0,1360.230712890625,0.3692876696586609
106695.0,1360.275634765625,0.34700748324394226
106723.0,1360.21435546875,0.3741345703601837
106754.0,1360.2769775390625,0.34256118535995483
106784.0,1360.276123046875,0.3482367694377899
106815.0,1360.2926025390625,0.34196844696998596
106845.0,1360.2789306640625,0.3361883759498596
106876.0,1360.2906494140625,0.3368730843067169
106907.0,1360.3277587890625,0.3563213348388672
106937.0,1360.336181640625,0.37891802191734314
106968.0,1360.2904052734375,0.36167654395103455
106998.0,1360.32080078125,0.3338838815689087
107029.0,1360.3863525390625,0.3512825667858124
107060.0,1360.481201171875,0.3880094885826111
107088.0,1360.432373046875,0.3866354823112488
107119.0,1360.4361572265625,0.4229243993759155
107149.0,1360.54052734375,0.38457542657852173
107180.0,1360.51513671875,0.3876301050186157
107210.0,1360.5140380859375,0.41973334550857544
107241.0,1360.6068115234375,0.40407922863960266
107272.0,1360.533447265625,0.37171658873558044
107302.0,1360.1055908203125,0.50565105676651
107333.0,1360.3770751953125,0.5185163021087646
107363.0,1360.7442626953125,0.515892505645752
107394.0,1360.63232421875,0.4578409790992737
107425.0,1360.5311279296875,0.43615221977233887
107454.0,1360.730224609375,0.4690132141113281
107485.0,1360.4747314453125,0.5487885475158691
107515.0,1360.930419921875,0.48241016268730164
107546.0,1360.8062744140625,0.48211798071861267
107576.0,1360.7711181640625,0.5093886852264404
107607.0,1360.727783203125,0.5112980604171753
107638.0,1360.835693359375,0.4512630105018616
107668.0,1360.7471923828125,0.5281752347946167
107699.0,1360.899169921875,0.4954802095890045
107729.0,1360.85546875,0.5718315243721008
107760.0,1360.753662109375,0.6112186312675476
107791.0,1360.1973876953125,0.7424574494361877
107819.0,1360.287841796875,0.6045337915420532
107850.0,1360.7657470703125,0.4831835925579071
107880.0,1360.673583984375,0.5220643877983093
107911.0,1360.7291259765625,0.5355446934700012
107941.0,1360.396484375,0.6388800740242004
107972.0,1360.69091796875,0.6105956435203552
108003.0,1360.9234619140625,0.5649385452270508
108033.0,1360.0589599609375,0.7251489758491516
108064.0,1360.4617919921875,0.7580358982086182
108094.0,1360.92431640625,0.5843511819839478
108125.0,1360.6868896484375,0.5370341539382935
108156.0,1360.796142578125,0.4759501814842224
108184.0,1360.6546630859375,0.595188558101654
108215.0,1360.828857421875,0.5478698015213013
108245.0,1360.608642578125,0.5843415856361389
108276.0,1360.9520263671875,0.5766944289207458
108306.0,1360.8934326171875,0.7597693800926208
108337.0,1360.885986328125,0.5661979913711548
108368.0,1360.8675537109375,0.5280397534370422
108398.0,1360.754150390625,0.3978777825832367
108429.0,1360.6148681640625,0.48536190390586853
108459.0,1360.6793212890625,0.6102774739265442
108490.0,1360.85595703125,0.6776939630508423
108521.0,1360.2353515625,0.8398637771606445
108549.0,1360.974853515625,0.6186240315437317
108580.0,1360.7664794921875,0.5462371110916138
108610.0,1360.611328125,0.4971165060997009
108641.0,1360.353515625,0.5241305828094482
108671.0,1360.4854736328125,0.5380780696868896
108702.0,1360.857421875,0.5809400677680969
108733.0,1360.6861572265625,0.6996456980705261
108763.0,1360.7413330078125,0.6647802591323853
108794.0,1360.66748046875,0.6222204566001892
108824.0,1360.5306396484375,0.5918284058570862
108855.0,1360.8203125,0.5260924100875854
108886.0,1360.87890625,0.4900583028793335
108915.0,1360.8809814453125,0.48594942688941956
108946.0,1360.7982177734375,0.5783884525299072
108976.0,1360.92236328125,0.553600549697876
109007.0,1360.720458984375,0.5755414962768555
109037.0,1360.912109375,0.5219060182571411
109068.0,1360.23046875,0.71973717212677
109099.0,1360.3297119140625,0.7342944741249084
109129.0,1360.833740234375,0.522977888584137
109160.0,1360.5308837890625,0.5633395910263062
109190.0,1360.6776123046875,0.543732762336731
109221.0,1360.4150390625,0.6470564603805542
109252.0,1360.6644287109375,0.5850591659545898
109280.0,1360.5338134765625,0.6226314902305603
109311.0,1360.62646484375,0.5265273451805115
109341.0,1360.528564453125,0.5056953430175781
109372.0,1360.584716796875,0.46263498067855835
109402.0,1360.44921875,0.5116834044456482
109433.0,1360.737548828125,0.4665120840072632
109464.0,1360.517333984375,0.5366706252098083
109494.0,1360.63720703125,0.6122363209724426
109525.0,1360.680908203125,0.6195951700210571
109555.0,1360.6480712890625,0.6137426495552063
109586.0,1360.67529296875,0.5216189026832581
109617.0,1360.3621826171875,0.5173317790031433
109645.0,1360.5006103515625,0.44978925585746765
109676.0,1360.5067138671875,0.40580418705940247
109706.0,1360.4434814453125,0.4568732976913452
109737.0,1360.49609375,0.4082385301589966
109767.0,1360.417724609375,0.4196266829967499
109798.0,1360.4210205078125,0.41762015223503113
109829.0,1360.4478759765625,0.46249449253082275
109859.0,1360.3839111328125,0.4947054982185364
109890.0,1360.4368896484375,0.38687118887901306
109920.0,1360.3553466796875,0.37053143978118896
109951.0,1360.3387451171875,0.3675815463066101
109982.0,1360.35302734375,0.37841758131980896
110010.0,1360.405517578125,0.38909226655960083
110041.0,1360.4320068359375,0.43191415071487427
110071.0,1360.447998046875,0.3982623517513275
110102.0,1360.366455078125,0.3646848201751709
110132.0,1360.3524169921875,0.35882991552352905
110163.0,1360.3389892578125,0.35796263813972473
110194.0,1360.3067626953125,0.3567749559879303
110224.0,1360.3101806640625,0.34801024198532104
110255.0,1360.30029296875,0.35407495498657227
110285.0,1360.304931640625,0.3430699110031128
110316.0,1360.280517578125,0.33329927921295166
110347.0,1360.2850341796875,0.33263298869132996
110376.0,1360.2984619140625,0.3470801115036011
110407.0,1360.281982421875,0.3447650969028473
110437.0,1360.323974609375,0.341262549161911
110468.0,1360.322509765625,0.3506406843662262
110498.0,1360.3216552734375,0.3353554904460907
110529.0,1360.3160400390625,0.32974329590797424
110560.0,1360.3509521484375,0.3466351330280304
110590.0,1360.3011474609375,0.3372769355773926
110621.0,1360.3060302734375,0.3237360119819641
110651.0,1360.2913818359375,0.33930519223213196
110682.0,1360.3238525390625,0.3259357810020447
110713.0,1360.322265625,0.3266420066356659
110741.0,1360.3031005859375,0.3165014088153839
110772.0,1360.2991943359375,0.31518155336380005
110802.0,1360.2862548828125,0.3102034032344818
110833.0,1360.287353515625,0.30893856287002563
110863.0,1360.302978515625,0.3127713203430176
110894.0,1360.2938232421875,0.30733680725097656
110925.0,1360.3038330078125,0.30856478214263916
110955.0,1360.3236083984375,0.31411173939704895
110986.0,1360.32080078125,0.3090473711490631
111016.0,1360.3203125,0.3123505115509033
111047.0,1360.3433837890625,0.31288617849349976
111078.0,1360.3428955078125,0.3121718764305115
111106.0,1360.3779296875,0.3187059164047241
111137.0,1360.3323974609375,0.3692956566810608
111167.0,1360.43212890625,0.335024893283844
111198.0,1360.3585205078125,0.3456532061100006
111228.0,1360.408935546875,0.3266345262527466
111259.0,1360.3062744140625,0.3581816554069519
111290.0,1360.37255859375,0.37951645255088806
111320.0,1360.504638671875,0.3438194692134857
111351.0,1360.5404052734375,0.3815685510635376
111381.0,1360.6148681640625,0.42215296626091003
111412.0,1360.6925048828125,0.4364031255245209
111443.0,1360.637939453125,0.4946093261241913
111471.0,1360.8663330078125,0.49624231457710266
111502.0,1360.4952392578125,0.5380970239639282
111532.0,1360.7225341796875,0.48712584376335144
111563.0,1360.6114501953125,0.573634147644043
111593.0,1360.6290283203125,0.6235833764076233
111624.0,1360.732177734375,0.598298192024231
111655.0,1360.7513427734375,0.5507344007492065
111685.0,1360.73486328125,0.5172359943389893
111716.0,1360.9136962890625,0.4953126907348633
111746.0,1360.9130859375,0.48032698035240173
111777.0,1360.948974609375,0.5350744128227234
111808.0,1360.97119140625,0.5771737694740295
111837.0,1360.83251953125,0.6017934679985046
111868.0,1360.9888916015625,0.6002318859100342
111898.0,1360.8946533203125,0.6618518829345703
111929.0,1360.8363037109375,0.6370317339897156
111959.0,1361.015869140625,0.5637503862380981
111990.0,1361.05126953125,0.5047508478164673
112021.0,1361.0264892578125,0.5184266567230225
112051.0,1360.8680419921875,0.5622650980949402
112082.0,1361.0572509765625,0.584696352481842
112112.0,1361.0191650390625,0.5815258622169495
112143.0,1361.022705078125,0.6658245921134949
112174.0,1360.7587890625,0.7126721739768982
112202.0,1361.1195068359375,0.7010847330093384
112233.0,1361.1673583984375,0.6620616316795349
112263.0,1361.0970458984375,0.7955340147018433
112294.0,1361.33251953125,0.8729299306869507
112324.0,1361.4248046875,0.8802382946014404
112355.0,1360.9503173828125,1.0665897130966187
112386.0,1361.30859375,0.8930339813232422
112416.0,1361.2900390625,0.6881716847419739
112447.0,1361.3248291015625,0.7266072034835815
112477.0,1360.9930419921875,0.9358386993408203
112508.0,1361.0462646484375,0.8119795322418213
112539.0,1361.2041015625,0.6484147906303406
112567.0,1361.1666259765625,0.6471251845359802
112598.0,1361.1488037109375,0.6733273267745972
112628.0,1361.1927490234375,0.6641971468925476
112659.0,1361.2891845703125,0.6139296293258667
112689.0,1361.1685791015625,0.7612460851669312
112720.0,1360.901123046875,0.792471706867218
112751.0,1361.170166015625,0.6673968434333801
112781.0,1361.030029296875,0.7117034792900085
112812.0,1361.0938720703125,0.6912320852279663
112842.0,1360.8206787109375,0.628340482711792
112873.0,1360.9061279296875,0.554109513759613
112904.0,1360.627685546875,0.6719701290130615
112932.0,1360.7254638671875,0.6399258971214294
112963.0,1360.929931640625,0.5796170830726624
112993.0,1360.6546630859375,0.7405050992965698
113024.0,1360.9185791015625,0.8291274905204773
113054.0,1361.276611328125,0.6807422637939453
113085.0,1360.809326171875,0.7063722610473633
113116.0,1360.811767578125,0.6212146282196045
113146.0,1360.8275146484375,0.5663343071937561
113177.0,1360.6514892578125,0.5379062294960022
113207.0,1360.9061279296875,0.48448753356933594
113238.0,1360.323486328125,0.5782387852668762
113269.0,1360.90966796875,0.5390132665634155
113298.0,1360.3443603515625,0.6175501942634583
113329.0,1360.71826171875,0.43438467383384705
113359.0,1360.9012451171875,0.46918919682502747
113390.0,1360.788330078125,0.49755778908729553
113420.0,1360.7161865234375,0.45671144127845764
113451.0,1360.725341796875,0.4020029902458191
113482.0,1360.4200439453125,0.47565871477127075
113512.0,1360.7154541015625,0.5001993179321289
113543.0,1360.5609130859375,0.4658130705356598
113573.0,1360.643310546875,0.4475627839565277
113604.0,1360.6015625,0.4417552947998047
113635.0,1360.6607666015625,0.41731029748916626
113663.0,1360.622802734375,0.42460840940475464
113694.0,1360.6737060546875,0.43463656306266785
113724.0,1360.43310546875,0.42168813943862915
113755.0,1360.6400146484375,0.4323522448539734
113785.0,1360.580322265625,0.4628487527370453
113816.0,1360.560302734375,0.38141974806785583
113847.0,1360.4979248046875,0.3651154935359955
113877.0,1360.4754638671875,0.36362728476524353
113908.0,1360.3570556640625,0.3799000382423401
113938.0,1360.40234375,0.37312671542167664
113969.0,1360.604736328125,0.3327624797821045
114000.0,1360.46826171875,0.3912171423435211
114028.0,1360.1798095703125,0.5165647268295288
114059.0,1360.6309814453125,0.33302000164985657
114089.0,1360.4442138671875,0.30761513113975525
114120.0,1360.490234375,0.28625911474227905
114150.0,1360.4296875,0.30149105191230774
114181.0,1360.4273681640625,0.28184762597084045
114212.0,1360.4429931640625,0.2807163894176483
114242.0,1360.4757080078125,0.28134509921073914
114273.0,1360.43701171875,0.2974061071872711
114303.0,1360.27392578125,0.3473834693431854
114334.0,1360.44091796875,0.27365800738334656
114365.0,1360.4012451171875,0.2530040144920349
114393.0,1360.393798828125,0.2540765404701233
114424.0,1360.43310546875,0.2647472321987152
114454.0,1360.4266357421875,0.25742363929748535
114485.0,1360.4193115234375,0.2733096778392792
114515.0,1360.4210205078125,0.2561981678009033
114546.0,1360.429443359375,0.2507726550102234
114577.0,1360.4735107421875,0.28844624757766724
114607.0,1360.5155029296875,0.2930874228477478
114638.0,1360.466552734375,0.2780299186706543
114668.0,1360.4276123046875,0.2512306272983551
114699.0,1360.385498046875,0.23529742658138275
114730.0,1360.3592529296875,0.24672865867614746
114759.0,1360.414306640625,0.24425464868545532
114790.0,1360.431884765625,0.2787502408027649
114820.0,1360.5908203125,0.3205653131008148
114851.0,1360.53564453125,0.34897640347480774
114881.0,1360.6461181640625,0.3629833161830902
114912.0,1360.595703125,0.357953816652298
114943.0,1360.5416259765625,0.35109952092170715
114973.0,1360.558349609375,0.3582550585269928
115004.0,1360.3946533203125,0.34787777066230774
115034.0,1360.577880859375,0.30482399463653564
115065.0,1360.5634765625,0.2689822316169739
115096.0,1360.5614013671875,0.3332211673259735
115124.0,1360.6141357421875,0.3204971253871918
115155.0,1360.8858642578125,0.37950751185417175
115185.0,1360.7540283203125,0.44855254888534546
115216.0,1360.905517578125,0.4584624767303467
115246.0,1360.8922119140625,0.42843741178512573
115277.0,1360.880126953125,0.4177974462509155
115308.0,1361.1258544921875,0.5159446001052856
115338.0,1360.847900390625,0.5910243988037109
115369.0,1360.596923828125,0.5867427587509155
115399.0,1360.008544921875,0.8718199133872986
115430.0,1360.400634765625,0.7470404505729675
115461.0,1360.6044921875,0.6494989395141602
115489.0,1360.7406005859375,0.5754473805427551
115520.0,1361.123291015625,0.44655171036720276
115550.0,1360.8162841796875,0.5476360321044922
115581.0,1360.821533203125,0.5886098742485046
115611.0,1360.9241943359375,0.5108062624931335
115642.0,1360.9866943359375,0.5026205778121948
115673.0,1360.764404296875,0.552140474319458
115703.0,1360.7799072265625,0.5847639441490173
115734.0,1361.171142578125,0.5189688801765442
115764.0,1360.8922119140625,0.6315084099769592
115795.0,1360.6728515625,0.6733430027961731
115826.0,1361.17578125,0.6954108476638794
115854.0,1361.438232421875,0.6016493439674377
115885.0,1361.208984375,0.6754177808761597
115915.0,1361.284423828125,0.6047525405883789
115946.0,1360.990966796875,0.5279735326766968
115976.0,1360.9290771484375,0.5023630857467651
116007.0,1360.804931640625,0.4976831078529358
116038.0,1360.8963623046875,0.5606316328048706
116068.0,1361.090576171875,0.5163958668708801
116099.0,1360.8536376953125,0.5394592881202698
116129.0,1360.9627685546875,0.4413333535194397
116160.0,1360.7132568359375,0.6183035373687744
116191.0,1361.0875244140625,0.5897648930549622
116220.0,1360.8929443359375,0.656342625617981
116251.0,1361.0089111328125,0.6332694292068481
116281.0,1360.8876953125,0.5913854837417603
116312.0,1360.9871826171875,0.6433330774307251
116342.0,1360.811279296875,0.7156401872634888
116373.0,1361.142333984375,0.6626792550086975
116404.0,1360.431396484375,0.7181217074394226
116434.0,1360.9805908203125,0.5495802164077759
116465.0,1361.0384521484375,0.5080103278160095
116495.0,1360.8182373046875,0.5312343239784241
116526.0,1360.8594970703125,0.5376614928245544
116557.0,1361.0009765625,0.5094886422157288
116585.0,1360.73095703125,0.5037378072738647
116616.0,1360.851318359375,0.5036681294441223
116646.0,1361.01171875,0.5243030786514282
116677.0,1361.071533203125,0.5869306325912476
116707.0,1361.1734619140625,0.5909825563430786
116738.0,1361.234619140625,0.5403314828872681
116769.0,1361.1666259765625,0.4125192165374756
116799.0,1360.4884033203125,0.5319857001304626
116830.0,1360.2742919921875,0.7135210037231445
116860.0,1360.297607421875,0.8931499719619751
116891.0,1361.1005859375,0.582102358341217
116922.0,1361.089599609375,0.4809550642967224
116950.0,1360.7249755859375,0.4089685380458832
116981.0,1360.780517578125,0.40024280548095703
117011.0,1360.7840576171875,0.3808383643627167
117042.0,1360.839599609375,0.3466322124004364
117072.0,1360.8895263671875,0.31840988993644714
117103.0,1360.7760009765625,0.32485008239746094
117134.0,1360.8343505859375,0.3532118499279022
117164.0,1360.5050048828125,0.3736506700515747
117195.0,1360.575439453125,0.36388951539993286
117225.0,1360.8509521484375,0.31820109486579895
117256.0,1360.767578125,0.28046777844429016
117287.0,1360.491943359375,0.3813626766204834
117315.0,1360.6658935546875,0.3579275608062744
117346.0,1360.82177734375,0.3453725576400757
117376.0,1360.7435302734375,0.3041074872016907
117407.0,1360.6719970703125,0.2604748606681824
117437.0,1360.7386474609375,0.25774553418159485
117468.0,1360.7098388671875,0.24214786291122437
117499.0,1360.728271484375,0.2544136941432953
117529.0,1360.638916015625,0.22524063289165497
117560.0,1360.5675048828125,0.25062060356140137
117590.0,1360.619140625,0.24921351671218872
117621.0,1360.6448974609375,0.22718340158462524
117652.0,1360.56494140625,0.2164061963558197
117681.0,1360.5704345703125,0.21484661102294922
117712.0,1360.5120849609375,0.2238686978816986
117742.0,1360.5931396484375,0.25984030961990356
117773.0,1360.586669921875,0.26446154713630676
117803.0,1360.6171875,0.2153550237417221
117834.0,1360.5537109375,0.19588468968868256
117865.0,1360.553955078125,0.17847710847854614
117895.0,1360.573486328125,0.1954691857099533
117926.0,1360.5316162109375,0.19020071625709534
117956.0,1360.4952392578125,0.2179703265428543
117987.0,1360.569580078125,0.21667726337909698
118018.0,1360.3216552734375,0.26691868901252747
118046.0,1360.5216064453125,0.200963094830513
118077.0,1360.5201416015625,0.1667969971895218
118107.0,1360.5177001953125,0.1655653417110443
118138.0,1360.5106201171875,0.16967761516571045
118168.0,1360.509033203125,0.15958212316036224
118199.0,1360.47802734375,0.1505868136882782
118230.0,1360.4990234375,0.15895818173885345
118260.0,1360.4725341796875,0.15771514177322388
118291.0,1360.4749755859375,0.14672113955020905
118321.0,1360.4774169921875,0.1458050161600113
118352.0,1360.50341796875,0.1560794711112976
118383.0,1360.5634765625,0.17405255138874054
118411.0,1360.562744140625,0.16525699198246002
118442.0,1360.475830078125,0.20684489607810974
118472.0,1360.5172119140625,0.2216840386390686
118503.0,1360.56201171875,0.18474383652210236
118533.0,1360.5970458984375,0.18891969323158264
118564.0,1360.557373046875,0.1794508993625641
118595.0,1360.5489501953125,0.16117870807647705
118625.0,1360.5811767578125,0.16743206977844238
118656.0,1360.5797119140625,0.18050916492938995
118686.0,1360.667236328125,0.21141871809959412
118717.0,1360.6685791015625,0.24025927484035492
118748.0,1360.716552734375,0.23418450355529785
118776.0,1360.7547607421875,0.24436073005199432
118807.0,1360.7249755859375,0.2172732651233673
118837.0,1360.7843017578125,0.28075075149536133
118868.0,1360.7669677734375,0.35078975558280945
118898.0,1360.8033447265625,0.3195277750492096
118929.0,1360.9171142578125,0.3063656985759735
118960.0,1361.0159912109375,0.3516235053539276
118990.0,1361.126708984375,0.4457154870033264
119021.0,1360.6707763671875,0.5168081521987915
119051.0,1360.6353759765625,0.5224319696426392
119082.0,1360.6739501953125,0.5380224585533142
119113.0,1361.133544921875,0.5180003046989441
119142.0,1361.2042236328125,0.5174577236175537
119173.0,1361.2412109375,0.5269635319709778
119203.0,1361.336181640625,0.4336313009262085
119234.0,1361.20458984375,0.46372875571250916
119264.0,1361.2474365234375,0.417007714509964
119295.0,1361.2674560546875,0.5106179714202881
119326.0,1361.451904296875,0.5106427669525146
119356.0,1361.435546875,0.5760738253593445
119387.0,1361.065673828125,0.7245269417762756
119417.0,1361.4769287109375,0.732554018497467
119448.0,1361.3695068359375,0.8346492052078247
119479.0,1361.511474609375,0.8308999538421631
119507.0,1361.609619140625,0.628282904624939
119538.0,1360.9136962890625,0.7366450428962708
119568.0,1361.0880126953125,0.749131441116333
119599.0,1360.9100341796875,0.8332107663154602
119629.0,1360.722412109375,0.9365039467811584
119660.0,1361.3260498046875,0.8319383859634399
119691.0,1361.56103515625,0.6692352294921875
119721.0,1360.73779296875,0.7820713520050049
119752.0,1361.5352783203125,0.5515557527542114
119782.0,1361.2078857421875,0.5677192211151123
119813.0,1360.8150634765625,0.683346688747406
119844.0,1361.0653076171875,0.6691251397132874
119872.0,1361.143798828125,0.6015673279762268
119903.0,1360.90771484375,0.7122818231582642
119933.0,1361.1544189453125,0.8000526428222656
119964.0,1361.6016845703125,0.6754761338233948
119994.0,1360.8873291015625,0.9414560198783875
120025.0,1361.7249755859375,0.7229605913162231
120056.0,1361.1876220703125,0.6635547876358032
120086.0,1361.0677490234375,0.6854414343833923
120117.0,1360.88623046875,0.7879468202590942
120147.0,1361.094482421875,0.6766530871391296
120178.0,1361.3411865234375,0.5853782892227173
120209.0,1361.3157958984375,0.540813148021698
120237.0,1361.4708251953125,0.5025646686553955
120268.0,1361.116943359375,0.7220807671546936
120298.0,1361.551513671875,0.7328740954399109
120329.0,1361.6810302734375,0.6403101086616516
120359.0,1360.8870849609375,0.6767607927322388
120390.0,1360.6353759765625,0.7183999419212341
120421.0,1360.256591796875,0.7827430367469788
120451.0,1360.8111572265625,0.637709379196167
120482.0,1360.9212646484375,0.5099053382873535
120512.0,1361.118408203125,0.3817850947380066
120543.0,1360.65869140625,0.4399318993091583
120574.0,1360.8863525390625,0.4401198625564575
120603.0,1360.869873046875,0.5394057035446167
120634.0,1361.3077392578125,0.436784952878952
120664.0,1361.131591796875,0.41456809639930725
120695.0,1360.953857421875,0.515286922454834
120725.0,1361.284423828125,0.4654730260372162
120756.0,1360.6551513671875,0.6097196340560913
120787.0,1361.0125732421875,0.44345182180404663
120817.0,1360.888916015625,0.42610985040664673
120848.0,1361.213623046875,0.4019613564014435
120878.0,1361.127685546875,0.4341762661933899
120909.0,1361.122802734375,0.3447020947933197
120940.0,1361.0526123046875,0.33413147926330566
120968.0,1361.0093994140625,0.32624268531799316
120999.0,1360.9364013671875,0.2666652202606201
121029.0,1361.029052734375,0.2522513270378113
121060.0,1360.8502197265625,0.35714098811149597
121090.0,1360.87451171875,0.39940595626831055
121121.0,1360.978759765625,0.3868417739868164
121152.0,1360.6380615234375,0.42021405696868896
121182.0,1360.710693359375,0.3347560465335846
121213.0,1360.7926025390625,0.2749387323856354
121243.0,1360.941162109375,0.2537533938884735
121274.0,1360.95654296875,0.25653108954429626
121305.0,1360.6739501953125,0.34077030420303345
121333.0,1360.7764892578125,0.3401416540145874
121364.0,1360.777587890625,0.3547874689102173
121394.0,1360.9520263671875,0.2149752676486969
121425.0,1360.785888671875,0.13891418278217316
121455.0,1360.6884765625,0.14143195748329163
121486.0,1360.7557373046875,0.15917514264583588
121517.0,1360.83056640625,0.14247378706932068
121547.0,1360.7882080078125,0.15220907330513
121578.0,1360.6683349609375,0.2063036561012268
121608.0,1360.8231201171875,0.1662992388010025
121639.0,1360.81689453125,0.11890436708927155
121670.0,1360.501220703125,0.18891306221485138
121698.0,1360.5269775390625,0.18200808763504028
121729.0,1360.4232177734375,0.19969598948955536
121759.0,1360.67529296875,0.1179991066455841
121790.0,1360.723876953125,0.08485439419746399
121820.0,1360.6204833984375,0.10701596736907959
121851.0,1360.7763671875,0.11647479236125946
121882.0,1360.622802734375,0.08982766419649124
121912.0,1360.563232421875,0.0920105054974556
121943.0,1360.6546630859375,0.08001323789358139
121973.0,1360.5936279296875,0.10595857352018356
122004.0,1360.6396484375,0.04991372302174568
122035.0,1360.61572265625,0.039228394627571106
122064.0,1360.5892333984375,0.06572756916284561
122095.0,1360.59814453125,0.03382657468318939
122125.0,1360.6041259765625,0.03580734133720398
122156.0,1360.646728515625,0.05018749460577965
122186.0,1360.6856689453125,0.05208088830113411
122217.0,1360.783935546875,0.08788825571537018
122248.0,1360.67041015625,0.094499371945858
122278.0,1360.770751953125,0.09886026382446289
122309.0,1360.7587890625,0.09966094046831131
122339.0,1360.7078857421875,0.1613640934228897
122370.0,1360.880615234375,0.11845100671052933
122401.0,1360.8345947265625,0.09123829752206802
122429.0,1360.6263427734375,0.14733172953128815
122460.0,1360.7291259765625,0.1771538108587265
122490.0,1361.0252685546875,0.16957901418209076
122521.0,1361.0264892578125,0.1947747766971588
122551.0,1360.9521484375,0.2096843272447586
122582.0,1360.959716796875,0.16094136238098145
122613.0,1360.9947509765625,0.19069240987300873
122643.0,1360.906494140625,0.32994186878204346
122674.0,1361.2757568359375,0.23629111051559448
122704.0,1361.0799560546875,0.19474676251411438
122735.0,1360.8270263671875,0.31215596199035645
122766.0,1360.306884765625,0.5773666501045227
122794.0,1361.198974609375,0.4333849251270294
122825.0,1361.203857421875,0.4272410273551941
122855.0,1361.3056640625,0.4304729700088501
122886.0,1361.560302734375,0.36723196506500244
122916.0,1360.4669189453125,0.6429709792137146
122947.0,1360.903564453125,0.5865799784660339
122978.0,1361.1959228515625,0.5564074516296387
123008.0,1361.6436767578125,0.543077826499939
123039.0,1361.4478759765625,0.6139626502990723
123069.0,1360.9578857421875,0.6640292406082153
123100.0,1361.21142578125,0.6498304605484009
123131.0,1360.8533935546875,0.7284200191497803
123159.0,1360.62890625,0.8206196427345276
123190.0,1360.7042236328125,0.8788325786590576
123220.0,1361.13916015625,0.9580467939376831
123251.0,1362.1011962890625,0.7169920206069946
123281.0,1361.7237548828125,0.7829042673110962
123312.0,1361.222900390625,0.8777350187301636
123343.0,1361.883056640625,0.7364339828491211
123373.0,1361.6634521484375,0.7751350998878479
123404.0,1361.903076171875,0.6543863415718079
123434.0,1361.659423828125,0.6134580373764038
123465.0,1361.95263671875,0.5224239230155945
123496.0,1361.7249755859375,0.45716291666030884
123525.0,1361.6380615234375,0.48988187313079834
123556.0,1361.0960693359375,0.8557371497154236
123586.0,1361.096435546875,0.8149195313453674
123617.0,1361.2706298828125,0.7434663772583008
123647.0,1361.6278076171875,0.6279855370521545
123678.0,1361.65966796875,0.6961650252342224
123709.0,1361.55126953125,0.634524405002594
123739.0,1361.60693359375,0.5947034358978271
123770.0,1361.7855224609375,0.481381356716156
123800.0,1361.0694580078125,0.6790153384208679
123831.0,1361.390380859375,0.6533188819885254
123862.0,1360.8199462890625,0.9167701005935669
123890.0,1361.245849609375,0.8589043021202087
123921.0,1361.8492431640625,0.6776165962219238
123951.0,1361.81787109375,0.5400733947753906
123982.0,1361.48291015625,0.5487698316574097
124012.0,1361.470458984375,0.5871941447257996
124043.0,1361.1123046875,0.6290267705917358
124074.0,1361.337158203125,0.6636934280395508
124104.0,1361.411865234375,0.6128764748573303
124135.0,1361.310546875,0.6634727120399475
124165.0,1361.6109619140625,0.5644623041152954
124196.0,1361.42724609375,0.4918718934059143
124227.0,1360.9884033203125,0.5162532925605774
124255.0,1361.3714599609375,0.5086573362350464
124286.0,1360.6473388671875,0.5846685171127319
124316.0,1361.177978515625,0.46917444467544556
124347.0,1361.248046875,0.3726837635040283
124377.0,1361.11279296875,0.3862505853176117
124408.0,1361.0787353515625,0.3741253912448883
124439.0,1361.254150390625,0.2544867992401123
124469.0,1361.14111328125,0.24873168766498566
124500.0,1360.94140625,0.26225370168685913
124530.0,1361.0018310546875,0.24303877353668213
124561.0,1360.8070068359375,0.25369662046432495
124592.0,1361.0625,0.24133051931858063
124620.0,1360.997802734375,0.2735445499420166
124651.0,1360.6427001953125,0.40968239307403564
124681.0,1360.1708984375,0.5746254920959473
124712.0,1360.2626953125,0.5021435022354126
124742.0,1361.13916015625,0.2911663353443146
124773.0,1361.1224365234375,0.2730749547481537
124804.0,1361.02490234375,0.33563992381095886
124834.0,1361.00390625,0.26278406381607056
124865.0,1361.0980224609375,0.2608446180820465
124895.0,1360.873046875,0.22305366396903992
124926.0,1360.87744140625,0.18495868146419525
124957.0,1360.7962646484375,0.13091987371444702
124986.0,1360.8236083984375,0.09632529318332672
125017.0,1360.79248046875,0.1293761432170868
125047.0,1360.9073486328125,0.12503907084465027
125078.0,1360.9293212890625,0.17268088459968567
125108.0,1360.8221435546875,0.20817497372627258
125139.0,1360.9019775390625,0.23108580708503723
125170.0,1360.9068603515625,0.15106984972953796
125200.0,1360.7371826171875,0.12797565758228302
125231.0,1360.63330078125,0.13616743683815002
125261.0,1360.7376708984375,0.15335218608379364
125292.0,1360.721923828125,0.11504735797643661
125323.0,1360.79736328125,0.06403656303882599
125351.0,1360.7286376953125,0.060619961470365524
125382.0,1360.5733642578125,0.11776016652584076
125412.0,1360.7152099609375,0.08091017603874207
125443.0,1360.646728515625,0.0866723284125328
125473.0,1360.69384765625,0.060351621359586716
125504.0,1360.6177978515625,0.08760187774896622
125535.0,1360.7099609375,0.08015740662813187
125565.0,1360.718017578125,0.06035785749554634
125596.0,1360.7056884765625,0.049851201474666595
125626.0,1360.7034912109375,0.04937192425131798
125657.0,1360.69775390625,0.04714882746338844
125688.0,1360.6865234375,0.04484906792640686
125716.0,1360.6019287109375,0.07098672538995743
125747.0,1360.70361328125,0.047736216336488724
125777.0,1360.681640625,0.042783502489328384
125808.0,1360.668701171875,0.03985075652599335
125838.0,1360.6751708984375,0.042963556945323944
125869.0,1360.7115478515625,0.059829410165548325
125900.0,1360.7015380859375,0.045467402786016464
125930.0,1360.8026123046875,0.06804127246141434
125961.0,1360.7476806640625,0.06433907151222229
125991.0,1360.7320556640625,0.07279800623655319
126022.0,1360.736572265625,0.1558132767677307
126053.0,1360.7950439453125,0.1182008758187294
126081.0,1360.8118896484375,0.07389725744724274
126112.0,1360.789306640625,0.07678084075450897
126142.0,1360.7713623046875,0.1265864372253418
126173.0,1360.776611328125,0.15564711391925812
126203.0,1361.0279541015625,0.15647101402282715
126234.0,1360.7093505859375,0.1718980222940445
126265.0,1361.0045166015625,0.18942652642726898
126295.0,1360.8878173828125,0.2853747010231018
126326.0,1360.9859619140625,0.4261559844017029
126356.0,1361.269287109375,0.3997964560985565
126387.0,1360.984130859375,0.4314604699611664
126418.0,1360.5811767578125,0.6090524792671204
126447.0,1361.296142578125,0.5408170223236084
126478.0,1361.82958984375,0.5539620518684387
126508.0,1361.090087890625,0.5877168774604797
126539.0,1361.3651123046875,0.5235101580619812
126569.0,1361.3560791015625,0.5736556053161621
126600.0,1361.36474609375,0.8002265095710754
126631.0,1362.0767822265625,0.8542049527168274
126661.0,1361.8953857421875,0.7503207921981812
126692.0,1361.5076904296875,1.0238250494003296
126722.0,1361.691162109375,0.971088171005249
126753.0,1362.3287353515625,0.8601927161216736
126784.0,1362.1600341796875,0.6458654403686523
126812.0,1361.8956298828125,0.6829612255096436
126843.0,1361.9156494140625,0.7132948637008667
126873.0,1362.0538330078125,0.860969066619873
126904.0,1361.230224609375,1.0471254587173462
126934.0,1361.7757568359375,0.9161486625671387
126965.0,1362.1826171875,0.8555989861488342
126996.0,1361.2679443359375,1.1424106359481812
127026.0,1361.73876953125,1.2066221237182617
127057.0,1362.7935791015625,1.0983991622924805
127087.0,1361.938720703125,1.2240785360336304
127118.0,1362.0875244140625,0.9794624447822571
127149.0,1362.0093994140625,0.8763687014579773
127177.0,1361.032470703125,1.0342192649841309
127208.0,1361.84765625,1.0496269464492798
127238.0,1362.0693359375,0.8947089314460754
127269.0,1362.0782470703125,0.8603295683860779
127299.0,1361.6822509765625,0.9591028094291687
127330.0,1361.920654296875,0.9262986779212952
127361.0,1362.0382080078125,1.0327426195144653
127391.0,1361.989013671875,0.8558362126350403
127422.0,1362.0740966796875,0.7593581676483154
127452.0,1361.53662109375,0.9595562219619751
127483.0,1361.3587646484375,1.2249209880828857
127514.0,1361.9755859375,0.8107488751411438
127542.0,1361.39111328125,0.9694790840148926
127573.0,1361.7149658203125,0.8195509314537048
127603.0,1361.7425537109375,0.8722784519195557
127634.0,1361.59765625,0.8989543914794922
127664.0,1361.8077392578125,0.822819173336029
127695.0,1361.194580078125,0.9511858224868774
127726.0,1361.6395263671875,0.7512269020080566
127756.0,1361.598388671875,0.5732499361038208
127787.0,1361.368896484375,0.6997493505477905
127817.0,1361.3887939453125,0.7093507051467896
127848.0,1361.4827880859375,0.7478847503662109
127879.0,1361.5374755859375,0.5936484336853027
127908.0,1361.6259765625,0.49658456444740295
127939.0,1361.2818603515625,0.5729748606681824
127969.0,1361.3330078125,0.5870476961135864
128000.0,1361.5584716796875,0.5139386057853699
128030.0,1361.3416748046875,0.5928778648376465
128061.0,1361.3773193359375,0.638440728187561
128092.0,1361.5888671875,0.5190953016281128
128122.0,1361.4376220703125,0.43352168798446655
128153.0,1361.228759765625,0.46755924820899963
128183.0,1361.341064453125,0.375851571559906
128214.0,1361.2408447265625,0.31670933961868286
128245.0,1361.134521484375,0.20577847957611084
128273.0,1361.0443115234375,0.21369929611682892
128304.0,1360.927001953125,0.22710846364498138
128334.0,1361.010498046875,0.20756009221076965
128365.0,1360.82373046875,0.28052666783332825
128395.0,1360.93701171875,0.34749338030815125
128426.0,1361.2266845703125,0.2519519329071045
128457.0,1360.7796630859375,0.29869315028190613
128487.0,1361.0247802734375,0.18953146040439606
128518.0,1360.88916015625,0.15566898882389069
128548.0,1360.90576171875,0.1899547278881073
128579.0,1360.7593994140625,0.21066109836101532
128610.0,1360.6744384765625,0.24442753195762634
128638.0,1360.95654296875,0.24000981450080872
128669.0,1360.8494873046875,0.2123918980360031
128699.0,1360.83642578125,0.2243376523256302
128730.0,1360.9276123046875,0.18400034308433533
128760.0,1360.7958984375,0.13754087686538696
128791.0,1360.7611083984375,0.11041851341724396
128822.0,1360.635498046875,0.20588290691375732
128852.0,1360.8031005859375,0.17700132727622986
128883.0,1360.7603759765625,0.14795340597629547
128913.0,1360.8048095703125,0.13249394297599792
128944.0,1360.7122802734375,0.1172349601984024
128975.0,1360.7950439453125,0.130409836769104
129003.0,1360.775634765625,0.11597535014152527
129034.0,1360.672607421875,0.13111716508865356
129064.0,1360.705810546875,0.1830405443906784
129095.0,1360.7623291015625,0.1632399708032608
129125.0,1360.7552490234375,0.10789123177528381
129156.0,1360.720703125,0.1420491635799408
129187.0,1360.5743408203125,0.18556168675422668
129217.0,1360.696044921875,0.16045919060707092
129248.0,1360.84228515625,0.13025648891925812
129278.0,1360.7822265625,0.09369038045406342
129309.0,1360.7113037109375,0.08272611349821091
129340.0,1360.7381591796875,0.08949388563632965
129369.0,1360.714599609375,0.08861517906188965
129400.0,1360.77734375,0.08016428351402283
129430.0,1360.7100830078125,0.06972674280405045
129461.0,1360.7301025390625,0.07239371538162231
129491.0,1360.6962890625,0.06042151898145676
129522.0,1360.70751953125,0.06890460103750229
129553.0,1360.708251953125,0.0625501498579979
129583.0,1360.7498779296875,0.07253464311361313
129614.0,1360.734619140625,0.07049721479415894
129644.0,1360.7552490234375,0.08833884447813034
129675.0,1360.7174072265625,0.08596689254045486
129706.0,1360.7337646484375,0.08522974699735641
129734.0,1360.7509765625,0.07360769808292389
129765.0,1360.7679443359375,0.07016219943761826
129795.0,1360.7628173828125,0.10577299445867538
129826.0,1360.834228515625,0.09657855331897736
129856.0,1360.8232421875,0.08941283822059631
129887.0,1360.83154296875,0.07492870092391968
129918.0,1360.75,0.0815848782658577
129948.0,1360.8021240234375,0.10244958847761154
129979.0,1360.75927734375,0.08012749254703522
130009.0,1360.7518310546875,0.07617765665054321
130040.0,1360.8311767578125,0.1292889565229416
130071.0,1360.8697509765625,0.1206798329949379
130099.0,1360.7799072265625,0.1650526523590088
130130.0,1360.7611083984375,0.2125982940196991
130160.0,1361.124755859375,0.21493086218833923
130191.0,1361.08203125,0.19661754369735718
130221.0,1360.998046875,0.24463923275470734
130252.0,1361.18798828125,0.2614414095878601
130283.0,1360.9375,0.28470906615257263
130313.0,1361.1185302734375,0.2688172459602356
130344.0,1361.17578125,0.3030007779598236
130374.0,1361.1434326171875,0.3462384343147278
130405.0,1360.938232421875,0.49814796447753906
130436.0,1361.2833251953125,0.5021588802337646
130464.0,1361.0394287109375,0.56429523229599
130495.0,1361.6033935546875,0.3944423198699951
130525.0,1360.9913330078125,0.4861140847206116
130556.0,1361.2464599609375,0.39233994483947754
130586.0,1361.1077880859375,0.4826714098453522
130617.0,1361.170166015625,0.5552135109901428
130648.0,1361.504638671875,0.39841100573539734
130678.0,1361.371337890625,0.4229899048805237
130709.0,1361.2320556640625,0.4884089231491089
130739.0,1361.216552734375,0.5885811448097229
130770.0,1361.36474609375,0.7286520004272461
130801.0,1361.48046875,0.6290174722671509
130830.0,1361.4722900390625,0.4588744640350342
130861.0,1361.4793701171875,0.4112444221973419
130891.0,1361.14599609375,0.5503476858139038
130922.0,1361.122802734375,0.5734764933586121
130952.0,1361.319091796875,0.4950132369995117
130983.0,1361.1934814453125,0.511786162853241
131014.0,1361.3289794921875,0.48042169213294983
131044.0,1361.2723388671875,0.498354434967041
131075.0,1361.401123046875,0.46432653069496155
131105.0,1361.079345703125,0.502816379070282
131136.0,1361.2733154296875,0.515265703201294
131167.0,1361.468505859375,0.5059238076210022
131195.0,1361.334228515625,0.649495005607605
131226.0,1361.3753662109375,0.5688182711601257
131256.0,1361.603515625,0.5463757514953613
131287.0,1361.158203125,0.5749039053916931
131317.0,1361.5350341796875,0.4906715452671051
131348.0,1361.303466796875,0.47073444724082947
131379.0,1361.5987548828125,0.4335465133190155
131409.0,1361.2806396484375,0.5398122668266296
131440.0,1361.1715087890625,0.5370230674743652
131470.0,1361.424560546875,0.5039958357810974
131501.0,1361.3564453125,0.5603513121604919
131532.0,1361.090576171875,0.6423571705818176
131560.0,1361.6412353515625,0.5571277141571045
131591.0,1361.3487548828125,0.610397219657898
131621.0,1361.2384033203125,0.6647059917449951
131652.0,1361.541015625,0.5767399072647095
131682.0,1361.328857421875,0.589699923992157
131713.0,1361.3031005859375,0.4586934745311737
131744.0,1361.335693359375,0.4989226460456848
131774.0,1361.3900146484375,0.49583572149276733
131805.0,1361.366943359375,0.5449463725090027
131835.0,1361.5447998046875,0.5314720273017883
131866.0,1361.068115234375,0.5562562346458435
131897.0,1361.079345703125,0.4502466320991516
131925.0,1361.334228515625,0.33456122875213623
131956.0,1361.090576171875,0.33601152896881104
131986.0,1361.068359375,0.2926710247993469
132017.0,1361.14306640625,0.24797508120536804
132047.0,1360.9154052734375,0.3572438657283783
132078.0,1360.8876953125,0.3506716191768646
132109.0,1361.0906982421875,0.24585145711898804
132139.0,1360.843505859375,0.3090902864933014
132170.0,1360.9927978515625,0.3084040582180023
132200.0,1360.974853515625,0.33068475127220154
132231.0,1361.26171875,0.2691020667552948
132262.0,1361.021240234375,0.41018861532211304
132291.0,1361.064453125,0.3859025835990906
132322.0,1361.4119873046875,0.3066560924053192
132352.0,1360.9112548828125,0.37396764755249023
132383.0,1361.129150390625,0.43183815479278564
132413.0,1361.2479248046875,0.3511357307434082
132444.0,1361.1072998046875,0.3540530800819397
132475.0,1361.2786865234375,0.29487529397010803
132505.0,1360.90380859375,0.32206210494041443
132536.0,1361.02587890625,0.22136062383651733
132566.0,1360.847900390625,0.21828538179397583
132597.0,1360.9940185546875,0.2101883590221405
132628.0,1360.989501953125,0.20945212244987488
132656.0,1360.7843017578125,0.24320003390312195
132687.0,1360.8875732421875,0.2714393138885498
132717.0,1360.9967041015625,0.21758437156677246
132748.0,1360.93017578125,0.19823220372200012
132778.0,1360.851318359375,0.15582363307476044
132809.0,1360.848388671875,0.14370371401309967
132840.0,1360.6800537109375,0.27105170488357544
132870.0,1360.8424072265625,0.18414871394634247
132901.0,1360.7823486328125,0.13425704836845398
132931.0,1360.796875,0.1335446536540985
132962.0,1360.7685546875,0.12497430294752121
132993.0,1360.731689453125,0.12399225682020187
133021.0,1360.8466796875,0.12166920304298401
133052.0,1360.6934814453125,0.15971282124519348
133082.0,1360.897705078125,0.1875269114971161
133113.0,1360.93505859375,0.18086087703704834
133143.0,1360.6202392578125,0.24156516790390015
133174.0,1360.8031005859375,0.17465102672576904
133205.0,1360.7001953125,0.19096879661083221
133235.0,1360.696044921875,0.21349221467971802
133266.0,1360.8519287109375,0.16524025797843933
133296.0,1360.7059326171875,0.12408323585987091
133327.0,1360.6595458984375,0.06769819557666779
133358.0,1360.6441650390625,0.048880744725465775
133386.0,1360.7130126953125,0.05243948474526405
133417.0,1360.79736328125,0.060187581926584244
133447.0,1360.787353515625,0.06823105365037918
133478.0,1360.7034912109375,0.061018433421850204
133508.0,1360.6541748046875,0.10142006725072861
133539.0,1360.5084228515625,0.16936470568180084
133570.0,1360.8387451171875,0.08385372906923294
133600.0,1360.7734375,0.07946524024009705
133631.0,1360.7691650390625,0.10827921330928802
133661.0,1360.737548828125,0.06896470487117767
133692.0,1360.709716796875,0.07945102453231812
133723.0,1360.709716796875,0.053309325128793716
133752.0,1360.574951171875,0.10125083476305008
133783.0,1360.633544921875,0.11527799069881439
133813.0,1360.758544921875,0.0739627331495285
133844.0,1360.7054443359375,0.06282676011323929
133874.0,1360.679443359375,0.038115788251161575
133905.0,1360.666259765625,0.09676475822925568
133936.0,1360.72265625,0.08282670378684998
133966.0,1360.7923583984375,0.09579627215862274
133997.0,1360.7127685546875,0.06069566681981087
134027.0,1360.6707763671875,0.07794850319623947
134058.0,1360.7567138671875,0.07843296974897385
134089.0,1360.8641357421875,0.12344299256801605
134117.0,1360.7532958984375,0.06092046946287155
134148.0,1360.81640625,0.09678719192743301
134178.0,1360.908447265625,0.11315623670816422
134209.0,1360.7105712890625,0.2010180801153183
134239.0,1360.898681640625,0.12019577622413635
134270.0,1360.934326171875,0.14923492074012756
134301.0,1360.6644287109375,0.24251554906368256
134331.0,1360.9041748046875,0.22840137779712677
134362.0,1361.2930908203125,0.22678986191749573
134392.0,1361.1768798828125,0.2867046892642975
134423.0,1361.2691650390625,0.27665090560913086
134454.0,1360.8037109375,0.49511516094207764
134482.0,1361.1087646484375,0.4027305543422699
134513.0,1361.0684814453125,0.46105119585990906
134543.0,1361.238037109375,0.4659595787525177
134574.0,1361.4176025390625,0.45032691955566406
134604.0,1361.4482421875,0.4022989869117737
134635.0,1361.5439453125,0.3242941200733185
134666.0,1361.1170654296875,0.5990464091300964
134696.0,1361.53955078125,0.5285876393318176
134727.0,1361.2813720703125,0.4892313778400421
134757.0,1360.7186279296875,0.6770310997962952
134788.0,1361.313232421875,0.7886900901794434
134819.0,1361.7261962890625,0.7791278958320618
134847.0,1362.176025390625,0.6974954605102539
134878.0,1361.6512451171875,0.6609500050544739
134908.0,1361.765869140625,0.6327810287475586
134939.0,1361.0294189453125,0.7736872434616089
134969.0,1361.5511474609375,0.6445699334144592
135000.0,1361.5234375,0.6780860424041748
135031.0,1361.5052490234375,0.7643591165542603
135061.0,1361.544921875,0.8409714698791504
135092.0,1361.4639892578125,0.9737277626991272
135122.0,1361.954833984375,0.7318657040596008
135153.0,1361.9051513671875,0.7459477782249451
135184.0,1361.6334228515625,0.7385649681091309
135213.0,1362.0703125,0.5869831442832947
135244.0,1361.2672119140625,0.8254302144050598
135274.0,1361.4224853515625,0.9237467646598816
135305.0,1361.795166015625,0.7048351168632507
135335.0,1361.7138671875,0.7113695740699768
135366.0,1361.714111328125,0.6112273931503296
135397.0,1361.5869140625,0.6991972923278809
135427.0,1361.539794921875,0.7835655212402344
135458.0,1360.997314453125,0.8736971020698547
135488.0,1362.0008544921875,0.8236517310142517
135519.0,1362.09912109375,0.5960073471069336
135550.0,1361.5665283203125,0.7448030114173889
135578.0,1361.76708984375,0.7988471984863281
135609.0,1362.1214599609375,0.8203104138374329
135639.0,1361.7181396484375,0.7801475524902344
135670.0,1361.5794677734375,0.585109531879425
135700.0,1360.716552734375,0.8396034240722656
135731.0,1362.14599609375,0.7107312083244324
135762.0,1361.728759765625,0.9132720828056335
135792.0,1361.4176025390625,0.9395203590393066
135823.0,1361.7508544921875,0.7974051237106323
135853.0,1361.59130859375,0.8324229717254639
135884.0,1361.881103515625,0.6149500012397766
135915.0,1360.7486572265625,0.9231157898902893
135943.0,1360.7645263671875,0.9650973081588745
135974.0,1361.4246826171875,0.6274842619895935
136004.0,1361.369140625,0.5237250328063965
136035.0,1360.458740234375,0.7498406171798706
136065.0,1361.1148681640625,0.5944584608078003
136096.0,1361.1939697265625,0.6522238254547119
136127.0,1361.4765625,0.638150691986084
136157.0,1361.6351318359375,0.6008855104446411
136188.0,1361.4093017578125,0.5893661975860596
136218.0,1361.244384765625,0.7642493844032288
136249.0,1361.41650390625,0.48665478825569153
136280.0,1361.251953125,0.3846176564693451
136308.0,1361.232177734375,0.3529023826122284
136339.0,1361.1964111328125,0.362665057182312
136369.0,1361.087158203125,0.47430115938186646
136400.0,1361.0797119140625,0.4985920190811157
136430.0,1361.29345703125,0.3875468969345093
136461.0,1361.463623046875,0.37097492814064026
136492.0,1361.2725830078125,0.287945419549942
136522.0,1361.047607421875,0.3047175109386444
136553.0,1361.146484375,0.1730300784111023
136583.0,1361.07568359375,0.18295186758041382
136614.0,1360.296630859375,0.37931695580482483
136645.0,1360.5611572265625,0.47774264216423035
136674.0,1361.1793212890625,0.3582638204097748
136705.0,1360.441650390625,0.47796282172203064
136735.0,1360.713134765625,0.42416515946388245
136766.0,1361.1097412109375,0.2664940357208252
136796.0,1361.1513671875,0.19719579815864563
136827.0,1361.009765625,0.1517614722251892
136858.0,1360.9024658203125,0.10632794350385666
136888.0,1360.7559814453125,0.06874622404575348
136919.0,1360.6187744140625,0.08409097045660019
136949.0,1360.72705078125,0.06678331643342972
136980.0,1360.6156005859375,0.05915643274784088
137011.0,1360.68408203125,0.05618123337626457
137039.0,1360.6444091796875,0.05752280354499817
137070.0,1360.5091552734375,0.08461184799671173
137100.0,1360.6123046875,0.10417693108320236
137131.0,1360.6754150390625,0.08748660236597061
137161.0,1360.633544921875,0.10857190191745758
137192.0,1360.765869140625,0.0635213553905487
137223.0,1360.6533203125,0.033385731279850006
137253.0,1360.544921875,0.05904655158519745
137284.0,1360.608642578125,0.04473700746893883
137314.0,1360.65234375,0.0433201901614666
137345.0,1360.66552734375,0.033631160855293274
137376.0,1360.5408935546875,0.11518295854330063
137404.0,1360.6876220703125,0.07231529802083969
137435.0,1360.6513671875,0.07272132486104965
137465.0,1360.7266845703125,0.05259392037987709
137496.0,1360.647216796875,0.02696862630546093
137526.0,1360.6292724609375,0.04469147324562073
137557.0,1360.5762939453125,0.03491799905896187
137588.0,1360.583984375,0.01817137934267521
137618.0,1360.61181640625,0.09003046154975891
137649.0,1360.707275390625,0.06637987494468689
137679.0,1360.6639404296875,0.03394780308008194
137710.0,1360.6502685546875,0.03506072983145714
137741.0,1360.6435546875,0.028137536719441414
137769.0,1360.646484375,0.04826364293694496
137800.0,1360.5794677734375,0.1257043182849884
137830.0,1360.7227783203125,0.13472366333007812
137861.0,1360.8555908203125,0.09260856360197067
137891.0,1360.864501953125,0.12061654031276703
137922.0,1360.7576904296875,0.15371276438236237
137953.0,1360.8497314453125,0.11726967990398407
137983.0,1360.820068359375,0.17297117412090302
138014.0,1360.988525390625,0.19085440039634705
138044.0,1361.006103515625,0.14889228343963623
138075.0,1361.0673828125,0.21654216945171356
138106.0,1361.1387939453125,0.22521571815013885
138135.0,1360.9241943359375,0.2846917510032654
138166.0,1361.0384521484375,0.3424678444862366
138196.0,1361.355712890625,0.2749689519405365
138227.0,1360.966552734375,0.4582464098930359
138257.0,1360.7259521484375,0.5382972359657288
138288.0,1361.107666015625,0.4983177185058594
138319.0,1361.49560546875,0.466966450214386
138349.0,1361.178466796875,0.573610782623291
138380.0,1361.26708984375,0.5022830367088318
138410.0,1361.178955078125,0.6833692193031311
138441.0,1361.423583984375,0.7999830842018127
138472.0,1361.621337890625,0.7891390323638916
138500.0,1361.3665771484375,0.7365383505821228
138531.0,1361.6126708984375,0.6642200946807861
138561.0,1361.8258056640625,0.6808569431304932
138592.0,1361.2301025390625,0.9959589242935181
138622.0,1362.183349609375,0.6358052492141724
138653.0,1361.4825439453125,0.8381217122077942
138684.0,1361.1927490234375,0.8824584484100342
138714.0,1362.029052734375,0.728015661239624
138745.0,1361.8433837890625,0.8534222841262817
138775.0,1361.884765625,0.7965784072875977
138806.0,1361.899658203125,0.7412963509559631
138837.0,1361.6728515625,0.6320591568946838
138865.0,1361.6739501953125,0.6299099326133728
138896.0,1361.9521484375,0.624948263168335
138926.0,1361.5482177734375,0.6536235213279724
138957.0,1361.8507080078125,0.5639896988868713
138987.0,1361.439208984375,0.6833862066268921
139018.0,1361.0399169921875,0.8720978498458862
139049.0,1361.864013671875,0.6457715630531311
139079.0,1361.625244140625,0.668506920337677
139110.0,1360.7467041015625,0.6795108318328857
139140.0,1361.33154296875,0.6528275609016418
139171.0,1360.9385986328125,0.8420394062995911
139202.0,1361.2896728515625,0.8996642827987671
139230.0,1362.2479248046875,0.9531291723251343
139261.0,1362.175048828125,0.6601061820983887
139291.0,1361.4100341796875,0.7056402564048767
139322.0,1361.4000244140625,0.7712726593017578
139352.0,1361.6563720703125,0.8042435050010681
139383.0,1361.585205078125,0.8276920914649963
139414.0,1361.9686279296875,0.6466250419616699
139444.0,1361.0631103515625,0.8097324371337891
139475.0,1361.6658935546875,0.5790073871612549
139505.0,1360.8275146484375,0.8186489343643188
139536.0,1361.5364990234375,0.8147103190422058
139567.0,1361.4775390625,0.8840978741645813
139596.0,1361.9046630859375,0.5891236066818237
139627.0,1361.65625,0.5378846526145935
139657.0,1361.4896240234375,0.36180379986763
139688.0,1361.3319091796875,0.3189430832862854
139718.0,1361.0230712890625,0.41948625445365906
139749.0,1360.9764404296875,0.3662201762199402
139780.0,1361.1549072265625,0.3023737370967865
139810.0,1360.8377685546875,0.4129297733306885
139841.0,1361.0250244140625,0.43852749466896057
139871.0,1361.2943115234375,0.39006638526916504
139902.0,1361.2584228515625,0.2861478626728058
139933.0,1360.71875,0.42325496673583984
139961.0,1361.1414794921875,0.3658326268196106
139992.0,1361.110107421875,0.3001715838909149
140022.0,1361.0826416015625,0.26180997490882874
140053.0,1361.10302734375,0.27008676528930664
140083.0,1360.9959716796875,0.22884607315063477
140114.0,1360.99755859375,0.18687237799167633
140145.0,1360.8448486328125,0.1271817833185196
140175.0,1360.600341796875,0.21028560400009155
140206.0,1360.63623046875,0.19708213210105896
140236.0,1360.799560546875,0.2140539437532425
140267.0,1360.5450439453125,0.29242441058158875
140298.0,1360.9383544921875,0.19199006259441376
140326.0,1360.9857177734375,0.14107251167297363
140357.0,1360.8173828125,0.09017973393201828
140387.0,1360.7393798828125,0.10471168905496597
140418.0,1360.751220703125,0.09132397174835205
140448.0,1360.7044677734375,0.11207173764705658
140479.0,1360.7076416015625,0.08634644746780396
140510.0,1360.57275390625,0.11175791174173355
140540.0,1360.6627197265625,0.1491045504808426
140571.0,1360.78662109375,0.09746026992797852
140601.0,1360.7091064453125,0.13313113152980804
140632.0,1360.7734375,0.10042156279087067
140663.0,1360.8587646484375,0.1372351348400116
140691.0,1360.712890625,0.13382269442081451
140722.0,1360.675537109375,0.09154562652111053
140752.0,1360.681884765625,0.07996343821287155
140783.0,1360.72998046875,0.08532048016786575
140813.0,1360.728759765625,0.08267942816019058
140844.0,1360.77001953125,0.07441383600234985
140875.0,1360.750244140625,0.06169012561440468
140905.0,1360.6771240234375,0.09571739286184311
140936.0,1360.7286376953125,0.06563270092010498
140966.0,1360.7044677734375,0.05471467226743698
140997.0,1360.6998291015625,0.057985518127679825
141028.0,1360.6796875,0.037536825984716415
141057.0,1360.617431640625,0.03695361688733101
141088.0,1360.64794921875,0.030724268406629562
141118.0,1360.6669921875,0.043442606925964355
141149.0,1360.66943359375,0.05458050221204758
141179.0,1360.662109375,0.06335272639989853
141210.0,1360.6824951171875,0.07425303012132645
141241.0,1360.7427978515625,0.047532349824905396
141271.0,1360.6920166015625,0.036274418234825134
141302.0,1360.5601806640625,0.09339459985494614
141332.0,1360.7916259765625,0.07530423253774643
141363.0,1360.75390625,0.05220318213105202
141394.0,1360.755615234375,0.04963333159685135
141422.0,1360.75830078125,0.05944843217730522
141453.0,1360.7457275390625,0.06575540453195572
141483.0,1360.7794189453125,0.08336005359888077
141514.0,1360.7667236328125,0.06938306987285614
141544.0,1360.7947998046875,0.06440741568803787
141575.0,1360.8487548828125,0.10447163879871368
141606.0,1360.6614990234375,0.2156926840543747
141636.0,1361.0147705078125,0.12876693904399872
141667.0,1360.889404296875,0.19952572882175446
141697.0,1360.9073486328125,0.20527766644954681
141728.0,1361.0457763671875,0.17523518204689026
141759.0,1360.947265625,0.16523218154907227
141787.0,1360.835693359375,0.2508256733417511
141818.0,1361.161865234375,0.2534627914428711
141848.0,1361.0714111328125,0.25415781140327454
141879.0,1361.101806640625,0.2762809991836548
141909.0,1361.341064453125,0.33039507269859314
141940.0,1361.1539306640625,0.43098321557044983
141971.0,1361.1092529296875,0.43992382287979126
142001.0,1361.491943359375,0.3012680113315582
142032.0,1361.3480224609375,0.3844839334487915
142062.0,1361.4805908203125,0.4467560648918152
142093.0,1361.693603515625,0.3684009313583374
142124.0,1361.405517578125,0.40558987855911255
142152.0,1361.4483642578125,0.3316304087638855
142183.0,1361.358642578125,0.2897440791130066
142213.0,1361.529541015625,0.4508548378944397
142244.0,1361.4163818359375,0.57155442237854
142274.0,1361.540771484375,0.5481528639793396
142305.0,1361.5853271484375,0.5453729629516602
142336.0,1361.7041015625,0.37266281247138977
142366.0,1361.2265625,0.5677866339683533
142397.0,1361.3662109375,0.6403056383132935
142427.0,1361.4754638671875,0.5709717869758606
142458.0,1361.7738037109375,0.46724170446395874
142489.0,1361.59619140625,0.5568684935569763
142518.0,1361.385498046875,0.728239119052887
142549.0,1361.6319580078125,0.6851293444633484
142579.0,1361.275634765625,0.656433641910553
142610.0,1361.3873291015625,0.666071891784668
142640.0,1361.5089111328125,0.7807252407073975
142671.0,1362.0220947265625,0.5656291842460632
142702.0,1361.4140625,0.6646339893341064
142732.0,1362.0306396484375,0.5420844554901123
142763.0,1361.8883056640625,0.6218894124031067
142793.0,1361.994384765625,0.551142156124115
142824.0,1361.8099365234375,0.5137655138969421
142855.0,1361.8375244140625,0.4213530719280243
142883.0,1361.373779296875,0.580871045589447
142914.0,1361.3326416015625,0.594835102558136
142944.0,1361.5892333984375,0.47948986291885376
142975.0,1361.48828125,0.6121291518211365
143005.0,1361.717529296875,0.4294552803039551
143036.0,1361.4205322265625,0.5415796637535095
143067.0,1361.1553955078125,0.8429692983627319
143097.0,1361.77978515625,0.7715927362442017
143128.0,1361.4296875,0.7709293961524963
143158.0,1361.8873291015625,0.8445892930030823
143189.0,1362.4296875,0.8069029450416565
143220.0,1362.257568359375,0.742054283618927
143248.0,1362.0489501953125,0.6289652585983276
143279.0,1361.5203857421875,0.7223870754241943
143309.0,1361.5677490234375,0.6962630748748779
143340.0,1361.634033203125,0.5482771992683411
143370.0,1361.00634765625,0.6619967818260193
143401.0,1361.1932373046875,0.7063043713569641
143432.0,1361.3519287109375,0.6946048140525818
143462.0,1361.4625244140625,0.6125219464302063
143493.0,1361.3685302734375,0.5900623202323914
143523.0,1361.7965087890625,0.5200536251068115
143554.0,1361.6280517578125,0.4567444622516632
143585.0,1361.5869140625,0.3137752115726471
143613.0,1361.1268310546875,0.409001886844635
143644.0,1361.110107421875,0.38775619864463806
143674.0,1361.07666015625,0.334452748298645
143705.0,1360.95361328125,0.3844148814678192
143735.0,1361.0982666015625,0.4091135263442993
143766.0,1361.1712646484375,0.3699660301208496
143797.0,1361.2845458984375,0.2956179976463318
143827.0,1360.3067626953125,0.5659399032592773
143858.0,1361.056640625,0.41599082946777344
143888.0,1361.1805419921875,0.2903883457183838
143919.0,1360.99072265625,0.2908530533313751
143950.0,1360.9910888671875,0.2686713933944702
143979.0,1361.0198974609375,0.26571914553642273
144010.0,1361.0621337890625,0.2236514389514923
144040.0,1360.8956298828125,0.22820210456848145
144071.0,1360.93212890625,0.23254306614398956
144101.0,1360.5267333984375,0.31953951716423035
144132.0,1360.705322265625,0.2789139747619629
144163.0,1360.9820556640625,0.21696190536022186
144193.0,1360.9661865234375,0.23373496532440186
144224.0,1360.882080078125,0.27890482544898987
144254.0,1361.0718994140625,0.17288362979888916
144285.0,1360.616455078125,0.24025121331214905
144316.0,1360.7958984375,0.18197551369667053
144344.0,1360.745361328125,0.14553217589855194
144375.0,1360.7237548828125,0.13632982969284058
144405.0,1360.6551513671875,0.21932442486286163
144436.0,1360.63525390625,0.2011932134628296
144466.0,1360.6966552734375,0.2099539339542389
144497.0,1360.78076171875,0.17578355967998505
144528.0,1360.6417236328125,0.16412922739982605
144558.0,1360.7757568359375,0.06929536163806915
144589.0,1360.621826171875,0.12095429003238678
144619.0,1360.7203369140625,0.15920116007328033
144650.0,1360.772705078125,0.09207881987094879
144681.0,1360.740234375,0.04892313852906227
144709.0,1360.676513671875,0.05327676981687546
144740.0,1360.6505126953125,0.15379232168197632
144770.0,1360.8419189453125,0.11034415662288666
144801.0,1360.71435546875,0.08638550341129303
144831.0,1360.6788330078125,0.09248700737953186
144862.0,1360.5440673828125,0.1127895712852478
144893.0,1360.7216796875,0.08156770467758179
144923.0,1360.7364501953125,0.058936309069395065
144954.0,1360.5257568359375,0.1386873424053192
144984.0,1360.5546875,0.09875202178955078
145015.0,1360.5341796875,0.09943099319934845
145046.0,1360.5902099609375,0.06658707559108734
145074.0,1360.65966796875,0.03861097991466522
145105.0,1360.594482421875,0.04385855421423912
145135.0,1360.56689453125,0.07412102818489075
145166.0,1360.647705078125,0.07494713366031647
145196.0,1360.6068115234375,0.07065735757350922
145227.0,1360.655029296875,0.04512063413858414
145258.0,1360.6009521484375,0.02205112762749195
145288.0,1360.60009765625,0.019143547862768173
145319.0,1360.5904541015625,0.017271466553211212
145349.0,1360.5989990234375,0.052720654755830765
145380.0,1360.6866455078125,0.038418978452682495
145411.0,1360.6348876953125,0.027818579226732254
145440.0,1360.5738525390625,0.0550566241145134
145471.0,1360.6602783203125,0.03571668267250061
145501.0,1360.643798828125,0.0296854916960001
145532.0,1360.5977783203125,0.019718460738658905
145562.0,1360.5972900390625,0.01735687628388405
145593.0,1360.585693359375,0.014621475711464882
145624.0,1360.577392578125,0.014092237688601017
145654.0,1360.5992431640625,0.02146786078810692
145685.0,1360.5928955078125,0.023488426581025124
145715.0,1360.569091796875,0.011922688223421574
145746.0,1360.5565185546875,0.011450550518929958
145777.0,1360.582275390625,0.014647068455815315
145805.0,1360.591796875,0.01683410257101059
145836.0,1360.5816650390625,0.013995587825775146
145866.0,1360.639892578125,0.02759220451116562
145897.0,1360.618896484375,0.02760385349392891
145927.0,1360.5867919921875,0.0266764797270298
145958.0,1360.5853271484375,0.014349465258419514
145989.0,1360.5870361328125,0.023916643112897873
146019.0,1360.5994873046875,0.03657020255923271
146050.0,1360.6756591796875,0.0378619022667408
146080.0,1360.6722412109375,0.05412258580327034
146111.0,1360.6944580078125,0.08268748968839645
146142.0,1360.801513671875,0.10676425695419312
146170.0,1360.7640380859375,0.11348938196897507
146201.0,1360.8289794921875,0.07873112708330154
146231.0,1360.802978515625,0.0728490799665451
146262.0,1360.755859375,0.06896408647298813
146292.0,1360.862060546875,0.11046750098466873
146323.0,1360.815673828125,0.1193842738866806
146354.0,1360.8074951171875,0.14546841382980347
146384.0,1360.7093505859375,0.12660782039165497
146415.0,1360.81591796875,0.10893460363149643
146445.0,1360.7705078125,0.11670757085084915
146476.0,1360.7889404296875,0.11085093766450882
146507.0,1360.8192138671875,0.15392537415027618
146535.0,1360.8187255859375,0.27840298414230347
146566.0,1361.1881103515625,0.29889270663261414
146596.0,1361.1739501953125,0.20746077597141266
146627.0,1361.0789794921875,0.2335221916437149
146657.0,1361.0413818359375,0.2098269909620285
146688.0,1360.9813232421875,0.25287145376205444
146719.0,1361.0047607421875,0.39784348011016846
146749.0,1361.1617431640625,0.42923179268836975
146780.0,1361.28369140625,0.498945027589798
146810.0,1361.471923828125,0.42505475878715515
146841.0,1361.26318359375,0.36890020966529846
146872.0,1361.2391357421875,0.2456127405166626
146901.0,1361.0123291015625,0.305828332901001
146932.0,1361.13037109375,0.30412766337394714
146962.0,1361.0491943359375,0.36753225326538086
146993.0,1361.1898193359375,0.3412427008152008
147023.0,1360.958251953125,0.39331960678100586
147054.0,1361.3204345703125,0.3197237551212311
147085.0,1361.4583740234375,0.34357768297195435
147115.0,1361.2479248046875,0.3510296940803528
147146.0,1361.230712890625,0.3300798237323761
147176.0,1361.2220458984375,0.2501363456249237
147207.0,1361.1573486328125,0.36482417583465576
147238.0,1361.2032470703125,0.24080578982830048
147266.0,1361.2508544921875,0.27846604585647583
147297.0,1361.08984375,0.380461186170578
147327.0,1361.3265380859375,0.43052855134010315
147358.0,1361.3167724609375,0.30593469738960266
147388.0,1361.3564453125,0.3267636299133301
147419.0,1361.4205322265625,0.3256790041923523
147450.0,1361.392333984375,0.2459065169095993
147480.0,1361.089599609375,0.39551636576652527
147511.0,1361.0926513671875,0.47922998666763306
147541.0,1361.44921875,0.4588073790073395
147572.0,1361.27392578125,0.5070759654045105
147603.0,1361.0091552734375,0.6135506629943848
147631.0,1361.7689208984375,0.47977414727211
147662.0,1361.4873046875,0.47385138273239136
147692.0,1361.3778076171875,0.39970463514328003
147723.0,1361.242919921875,0.35092175006866455
147753.0,1361.274169921875,0.4615730047225952
147784.0,1361.485595703125,0.3889349699020386
147815.0,1361.511474609375,0.4470130503177643
147845.0,1361.1422119140625,0.5478575229644775
147876.0,1361.5526123046875,0.5228492021560669
147906.0,1361.480224609375,0.5431603789329529
147937.0,1361.523681640625,0.46390312910079956
147968.0,1361.9071044921875,0.3971654772758484
147996.0,1361.7066650390625,0.36746495962142944
148027.0,1361.703369140625,0.39091238379478455
148057.0,1361.48486328125,0.355719655752182
148088.0,1361.2862548828125,0.37156999111175537
148118.0,1361.412353515625,0.31693947315216064
148149.0,1361.0853271484375,0.29743823409080505
148180.0,1361.046142578125,0.2631687521934509
148210.0,1361.2381591796875,0.24139884114265442
148241.0,1361.3433837890625,0.26481738686561584
148271.0,1361.2198486328125,0.27454227209091187
148302.0,1361.2010498046875,0.23896139860153198
148333.0,1361.22705078125,0.23809432983398438
148362.0,1361.0706787109375,0.18923620879650116
148393.0,1360.7958984375,0.19018574059009552
148423.0,1360.9359130859375,0.2058090716600418
148454.0,1360.9906005859375,0.14780445396900177
148484.0,1360.9083251953125,0.16783340275287628
148515.0,1360.919189453125,0.15456563234329224
148546.0,1360.9156494140625,0.16296756267547607
148576.0,1360.8603515625,0.1427568644285202
148607.0,1360.8614501953125,0.09791560471057892
148637.0,1360.7462158203125,0.07373598217964172
148668.0,1360.657958984375,0.07648460566997528
148699.0,1360.66796875,0.06064043194055557
148727.0,1360.6038818359375,0.05235479772090912
148758.0,1360.66455078125,0.10596995055675507
148788.0,1360.714111328125,0.05889081209897995
148819.0,1360.7537841796875,0.08205016702413559
148849.0,1360.5858154296875,0.08628804981708527
148880.0,1360.5911865234375,0.10716314613819122
148911.0,1360.45556640625,0.19993247091770172
148941.0,1360.8067626953125,0.08495716750621796
148972.0,1360.7574462890625,0.056678470224142075
149002.0,1360.65771484375,0.04012667387723923
