Year,Country,Jan,Feb,Mar,Apr,May,Jun,Jul,Aug,Sep,Oct,Nov,Dec
1975,American Samoa,330.65,330.65,330.2,329.63,329.66,330.6,330.83,330.91,331.79,331.64,330.88,330.56
1975,United States,333.32,333.24,333.22,333.3,333.16,332.18,329.34,327.23,327.44,329.78,331.89,333.15
1976,American Samoa,330.52,330.6,330.82,331.17,331.42,331.1,330.98,331.53,331.9,332.17,332.62,332.95
1976,United States,332.56,332.8,333.28,334.17,334.15,332.84,331.08,329.01,328.64,329.98,331.74,333.1
1977,American Samoa,332.98,332.48,332.21,332.66,332.82,332.56,332.81,332.91,332.62,332.57,333.01,333.68
1977,United States,334.1,334.6,335.15,336.08,336.45,335.36,333.43,331.46,330.68,331.65,333.62,335.16
1978,American Samoa,334.04,333.79,334.37,334.52,334.28,334.88,334.51,334.22,334.38,334.5,334.4,334.14
1978,United States,335.86,336.42,336.81,337.18,337.42,336.88,334.97,332.91,332.51,333.58,335.29,336.38
1979,American Samoa,334.71,335.47,335.77,335.89,335.61,335.74,335.77,335.76,336.15,336.72,336.89,336.81
1979,Guam,337.82,337.82,339.35,339.81,340.06,339.73,338.48,336.97,335.41,334.58,335.85,338.0
1979,Portugal,339.92,339.92,339.92,339.92,339.92,339.92,339.92,339.92,339.92,339.92,339.92,339.92
1979,United Kingdom,337.7,337.7,337.7,337.7,337.7,337.7,337.7,337.44,337.31,337.28,337.94,338.55
1979,United States,337.34,337.98,338.86,339.46,339.66,338.36,335.25,333.01,333.3,335.21,336.83,337.57
1980,American Samoa,337.55,338.12,337.78,337.79,338.43,338.68,338.56,338.63,338.51,338.4,338.67,339.05
1980,Canada,339.7,339.7,339.7,344.42,344.04,343.21,338.81,333.51,333.3,337.01,340.2,342.77
1980,Guam,339.47,340.37,340.87,341.68,342.72,342.6,341.28,339.86,338.18,337.27,338.43,339.33
1980,Portugal,340.51,341.79,342.45,342.26,341.98,340.53,337.23,334.28,333.73,335.96,338.73,340.2
1980,Seychelles,340.63,341.45,341.31,339.71,338.38,338.44,338.6,338.58,338.73,339.01,339.29,339.87
1980,United Kingdom,338.37,338.03,338.02,338.47,338.88,339.52,339.81,339.8,339.55,339.15,338.88,338.91
1980,United States,339.39,340.48,341.07,341.64,341.41,339.81,337.39,335.14,334.82,336.67,338.91,340.68
1981,American Samoa,339.28,339.1,339.6,339.52,338.74,338.96,339.27,339.25,339.08,339.25,339.73,340.03
1981,Canada,344.24,345.0,345.67,346.04,346.85,345.8,338.72,332.74,334.02,338.5,341.49,344.17
1981,Guam,340.41,342.54,343.6,343.7,343.75,343.42,342.06,339.91,338.26,338.76,340.08,340.53
1981,Norway,341.56,341.56,345.86,345.72,346.57,345.01,337.62,333.0,335.18,339.49,342.91,344.22
1981,Portugal,340.53,342.06,343.78,344.36,343.7,340.54,336.98,334.45,334.11,336.31,338.97,341.03
1981,Seychelles,341.11,342.17,342.39,340.77,339.09,339.12,339.06,338.56,338.83,339.57,340.12,340.67
1981,United Kingdom,339.22,339.03,339.38,339.71,339.17,339.23,340.37,341.03,340.78,340.61,340.4,339.94
1981,United States,341.29,342.09,342.63,343.16,343.09,341.69,339.03,336.8,336.69,338.48,340.22,341.27
1982,American Samoa,340.59,340.96,340.64,340.13,339.64,339.76,340.41,340.82,340.43,340.19,340.53,340.98
1982,Canada,346.06,346.83,347.02,347.18,347.52,345.81,340.05,334.17,333.79,337.37,341.36,344.75
1982,France,339.79,339.79,339.17,339.2,339.16,339.47,339.95,340.19,340.19,340.18,340.23,340.2
1982,Guam,341.74,343.12,343.4,343.6,344.14,343.34,341.62,338.71,336.82,337.91,339.11,340.42
1982,Norway,344.67,345.32,345.85,345.92,345.76,344.72,338.8,332.38,333.29,338.34,342.15,344.51
1982,Portugal,342.18,343.35,345.16,346.21,344.84,341.87,336.48,332.45,334.84,339.23,343.27,344.73
1982,Seychelles,341.41,342.41,342.62,341.03,339.92,339.91,339.57,339.71,339.83,339.67,340.13,340.6
1982,United Kingdom,339.85,339.86,339.93,340.64,341.01,340.76,340.87,341.38,341.4,341.33,341.09,340.84
1982,United States,342.0,342.68,343.62,344.08,343.93,342.24,339.26,336.62,336.62,338.76,340.6,341.95
1983,American Samoa,340.92,340.68,340.78,340.98,341.42,341.9,342.06,341.93,341.86,342.1,342.26,342.6
1983,Canada,346.74,347.24,347.74,348.04,348.07,346.45,340.9,334.73,335.14,339.77,344.55,347.62
1983,France,340.31,340.51,340.7,340.83,340.83,341.15,341.62,341.91,341.97,341.99,342.13,342.08
1983,Guam,341.51,342.58,343.77,344.97,346.08,345.91,344.54,342.48,340.19,340.25,341.48,342.39
1983,Norway,345.31,345.63,347.08,347.59,346.57,344.46,338.85,334.14,335.63,340.76,343.84,346.08
1983,Portugal,345.37,345.58,345.05,345.64,345.57,343.98,342.1,338.96,337.55,340.44,343.83,345.0
1983,Seychelles,340.56,341.79,343.56,342.16,340.45,339.79,339.48,339.93,340.2,340.88,340.88,340.88
1983,United Kingdom,340.87,341.05,340.99,341.21,341.87,342.54,342.7,342.94,343.24,343.2,342.97,342.9
1983,United States,343.02,343.61,344.31,345.14,345.16,344.01,341.44,338.54,338.86,341.17,342.92,344.23
1984,American Samoa,343.16,343.26,343.08,342.52,342.13,342.46,342.93,343.21,343.3,343.22,343.53,344.17
1984,Australia,342.66,342.66,342.66,341.63,341.73,342.0,342.81,343.48,343.31,343.1,343.01,342.84
1984,Canada,349.61,350.32,349.98,349.88,350.32,348.33,341.94,336.56,337.15,341.29,344.97,347.94
1984,France,342.29,342.67,342.32,341.71,341.62,342.14,343.04,343.28,343.01,342.92,343.08,343.49
1984,Guam,343.55,344.57,345.19,346.42,347.33,346.97,346.1,344.37,342.34,342.09,343.2,344.1
1984,Norway,347.69,348.27,349.26,349.65,347.89,345.2,340.49,336.19,338.95,342.82,345.09,347.2
1984,Portugal,346.6,348.19,347.7,347.08,348.05,345.67,340.93,339.08,339.3,341.43,344.56,346.65
1984,Republic of Kiribati,345.2,345.2,345.99,346.84,346.72,345.7,345.24,344.69,343.96,343.63,344.21,345.04
1984,United Kingdom,342.78,342.33,342.21,342.5,342.96,343.4,344.02,344.29,344.0,344.3,344.58,343.98
1984,United States,345.43,346.0,346.51,347.13,347.25,345.61,342.87,341.15,341.38,342.87,344.44,345.99
1985,American Samoa,344.41,344.74,344.96,344.43,344.04,344.33,344.7,344.64,344.47,344.62,345.02,345.29
1985,Australia,342.66,342.65,342.79,342.91,343.07,343.53,344.05,344.53,344.69,344.53,344.38,344.26
1985,Canada,346.73,346.79,347.3,347.85,348.08,350.04,343.84,338.05,338.8,342.92,346.34,349.31
1985,France,343.6,343.5,343.78,343.85,343.77,343.96,344.32,344.71,344.91,345.0,345.04,345.02
1985,Guam,344.8,346.04,347.49,348.11,348.13,347.83,347.12,346.06,344.11,343.99,345.34,346.32
1985,Norway,348.64,349.64,350.89,351.68,351.23,347.94,341.86,337.04,338.08,342.97,346.99,349.43
1985,Portugal,346.81,347.84,350.23,350.73,348.76,346.26,342.09,338.62,341.02,345.6,347.89,349.42
1985,Republic of Kiribati,345.51,346.0,346.85,347.24,347.25,347.28,346.85,345.97,345.23,344.68,345.1,346.29
1985,United Kingdom,343.54,343.62,344.12,344.28,344.27,344.76,345.16,345.32,345.6,345.88,345.88,345.78
1985,United States,346.78,347.09,347.47,348.12,348.67,347.45,344.99,342.7,341.89,344.08,346.24,347.48
1986,American Samoa,345.6,345.81,345.65,345.29,345.52,346.33,346.03,345.48,345.77,346.06,346.17,346.27
1986,Australia,344.15,344.25,344.3,344.22,344.39,344.87,345.25,345.35,345.52,345.95,346.07,345.77
1986,Canada,351.52,352.44,352.98,353.23,353.44,351.94,346.4,340.55,340.11,344.6,348.26,350.76
1986,France,345.16,345.34,345.33,344.93,344.9,345.38,345.82,346.14,346.15,346.33,346.65,346.68
1986,Guam,347.79,348.29,348.71,349.9,350.79,350.17,347.86,345.73,344.76,345.03,346.41,347.31
1986,Japan,345.67,344.91,344.88,344.8,344.91,345.16,345.68,346.29,346.54,346.54,346.36,346.29
1986,Norway,351.01,351.36,352.54,353.43,352.0,348.89,343.6,338.71,339.17,343.97,348.57,350.67
1986,Portugal,349.99,349.36,349.69,351.07,350.89,350.2,348.26,345.94,345.64,347.38,348.99,349.1
1986,Republic of Kiribati,346.93,347.2,347.92,348.79,348.43,348.01,347.77,346.63,346.0,346.07,346.08,346.01
1986,Seychelles,345.55,346.88,346.99,345.84,345.55,346.5,346.51,346.39,346.77,347.31,347.08,347.11
1986,United Kingdom,345.48,344.95,344.52,344.81,345.3,345.84,346.48,346.74,346.64,346.68,346.79,346.54
1986,United States,348.49,349.16,349.58,350.17,350.4,348.76,345.17,343.06,343.67,345.69,347.65,348.99
1987,American Samoa,346.61,347.16,347.17,346.75,346.83,347.16,347.4,347.83,348.21,348.39,348.83,349.27
1987,Australia,345.42,345.39,345.61,345.9,346.38,346.66,346.74,347.23,347.69,347.9,347.83,347.48
1987,Barbados,349.26,349.26,349.26,349.26,349.26,349.26,349.26,349.26,349.26,349.26,348.64,349.88
1987,Canada,352.24,352.82,353.8,354.42,354.52,352.98,347.79,341.88,341.54,346.3,350.16,352.8
1987,France,346.88,346.91,346.85,347.12,347.33,347.57,348.03,348.72,349.26,349.39,349.44,349.59
1987,Guam,348.51,349.69,350.42,351.7,352.8,352.6,350.92,348.51,347.42,347.38,348.21,349.81
1987,Norway,351.61,352.87,353.69,353.63,352.82,350.65,345.7,340.83,340.77,345.42,350.24,352.54
1987,Portugal,348.64,349.7,352.25,353.43,351.53,348.85,347.59,344.42,342.66,345.87,349.53,351.02
1987,Republic of Kiribati,346.79,348.03,349.09,350.12,350.52,349.95,349.19,348.92,348.68,348.23,348.39,349.57
1987,Seychelles,348.07,348.8,349.49,349.68,348.95,348.63,348.83,349.45,348.64,347.25,348.83,350.47
1987,United Kingdom,346.44,346.78,346.92,346.85,347.38,348.22,348.65,349.0,349.1,349.18,349.47,349.33
1987,United States,349.9,350.54,351.17,352.09,352.4,350.85,347.31,344.68,345.33,347.73,349.67,351.14
1988,American Samoa,349.52,349.97,350.44,350.76,350.52,350.13,350.25,350.29,350.07,350.49,351.17,351.63
1988,Australia,347.73,348.24,348.3,348.25,348.54,348.93,349.43,349.99,350.03,349.79,349.83,349.81
1988,Barbados,351.56,352.34,352.91,353.92,354.6,353.7,351.49,349.92,349.12,348.67,350.27,352.54
1988,Canada,355.08,356.03,356.8,357.62,357.46,355.38,349.9,344.36,345.44,350.43,354.85,358.13
1988,France,349.47,349.25,349.07,349.03,349.27,349.74,350.24,350.31,350.26,350.25,350.19,350.16
1988,Guam,351.07,352.24,353.29,354.12,354.73,354.26,353.16,352.46,351.2,349.97,350.13,351.33
1988,Japan,349.09,349.08,348.87,348.76,349.0,349.2,349.66,350.22,350.33,350.33,350.32,350.23
1988,Norway,354.77,355.99,356.16,356.81,356.31,353.88,348.1,343.46,345.44,350.45,353.68,355.66
1988,Portugal,352.36,353.28,353.38,354.24,353.48,351.74,350.55,348.03,346.68,349.59,353.54,354.85
1988,Republic of Kiribati,350.61,351.33,351.97,352.3,352.48,352.17,351.5,350.77,350.65,350.93,351.2,352.07
1988,Seychelles,350.73,351.38,351.39,350.01,349.18,349.9,350.88,351.04,351.47,350.87,349.38,349.72
1988,United Kingdom,349.11,349.36,349.38,349.21,349.67,350.54,351.01,351.06,351.06,350.98,350.62,350.68
1988,United States,352.43,353.25,353.92,354.96,355.1,353.19,349.92,347.47,348.16,350.31,352.37,354.01
1989,American Samoa,352.04,352.15,352.04,352.28,352.22,351.5,351.56,351.68,351.57,351.79,352.07,352.27
1989,Australia,349.83,350.01,350.09,350.04,350.32,350.67,350.49,350.83,351.24,351.1,350.97,350.91
1989,Barbados,353.81,354.06,354.64,355.45,356.02,355.04,352.12,350.32,349.78,349.77,351.39,353.27
1989,Canada,359.54,359.78,360.08,359.83,359.46,357.96,352.07,345.81,346.47,351.16,355.95,359.5
1989,France,350.25,350.43,350.46,350.26,350.12,350.48,351.02,351.27,351.4,351.21,351.2,351.49
1989,Guam,353.13,354.74,355.47,356.23,356.98,356.43,354.81,351.56,349.58,350.78,352.33,353.15
1989,Norway,356.7,357.36,358.18,358.79,358.44,355.89,350.16,345.49,346.52,350.96,355.19,357.28
1989,Portugal,354.63,355.29,357.62,357.96,356.08,353.49,355.84,355.84,355.84,355.84,355.84,355.84
1989,Republic of Kiribati,353.25,354.15,355.03,354.96,353.97,353.8,353.99,353.38,352.55,352.33,352.5,353.02
1989,Seychelles,352.37,354.16,353.62,352.18,351.09,351.37,352.31,352.3,352.36,352.33,352.55,353.63
1989,United Kingdom,353.01,353.86,353.9,354.04,355.03,353.06,351.6,350.81,351.19,352.34,353.62,354.72
1989,United States,354.96,355.21,355.67,356.69,356.78,354.74,351.39,348.86,349.69,352.09,354.12,355.51
1990,American Samoa,352.46,352.57,353.14,353.11,352.54,352.76,353.03,353.17,353.15,353.1,353.33,353.8
1990,Australia,350.88,350.76,350.71,351.16,351.43,351.63,352.06,352.48,352.65,352.56,352.53,352.59
1990,Barbados,355.02,356.09,356.22,357.19,357.95,356.93,354.94,352.35,351.63,352.71,353.67,355.28
1990,Canada,360.14,360.38,361.4,361.2,360.57,357.93,351.48,346.53,347.1,351.68,355.7,358.67
1990,France,352.07,352.54,352.09,351.69,352.29,352.94,353.31,353.52,353.53,353.74,353.88,352.87
1990,Guam,354.34,355.63,356.46,356.91,357.41,357.24,354.46,350.62,350.39,351.82,353.13,354.61
1990,Japan,352.0,352.18,352.11,351.68,351.78,352.07,352.32,352.69,353.0,353.6,353.83,353.17
1990,Norway,358.4,359.44,360.04,360.02,358.99,355.31,349.59,345.72,347.68,351.92,355.41,357.67
1990,Peoples Republic of China,352.8,352.8,352.8,352.8,352.8,352.8,352.8,348.93,351.5,353.71,354.39,355.49
1990,Portugal,356.04,356.04,356.04,356.04,356.04,356.04,356.04,356.04,356.04,353.13,356.81,358.19
1990,Republic of Kiribati,354.14,355.35,355.5,354.82,354.85,355.19,354.78,354.38,354.02,353.64,353.76,354.44
1990,Republic of Korea,361.06,361.06,361.06,361.06,361.06,361.06,361.06,361.06,361.06,361.06,360.82,361.29
1990,Seychelles,354.74,355.48,355.23,353.56,352.37,353.04,353.53,352.85,352.35,352.62,352.91,353.38
1990,United Kingdom,354.97,355.45,356.1,356.85,356.4,354.26,352.98,352.18,351.39,353.14,355.29,355.37
1990,United States,356.27,356.94,357.43,357.78,357.66,355.71,352.69,350.58,351.5,353.77,355.67,356.69
1991,American Samoa,354.5,354.97,354.62,354.17,354.25,354.3,354.5,354.29,353.91,354.04,354.62,354.98
1991,Australia,352.55,352.38,352.42,352.7,352.79,352.89,353.25,353.59,353.55,353.09,353.04,352.96
1991,Barbados,356.24,356.72,358.06,359.17,359.0,358.2,356.04,353.41,352.47,353.03,354.22,356.0
1991,Canada,361.66,361.99,361.78,362.11,361.82,360.17,354.14,347.78,348.36,353.3,357.64,361.17
1991,France,354.47,354.47,353.72,353.87,353.57,353.91,354.34,354.73,355.3,355.25,355.2,354.79
1991,Guam,356.45,357.51,357.73,358.29,359.04,358.84,357.44,355.21,353.36,353.04,353.93,355.09
1991,Ireland,353.59,353.59,353.59,353.59,353.59,356.6,351.54,348.31,349.79,353.41,356.67,358.82
1991,Japan,352.62,352.59,352.84,352.99,353.07,353.48,353.91,354.19,354.27,354.12,354.12,354.04
1991,Norway,359.54,361.1,361.48,361.2,360.65,357.76,352.62,348.29,349.11,353.38,357.23,359.12
1991,Peoples Republic of China,357.12,358.23,359.63,360.87,360.1,354.74,347.42,347.67,352.98,354.95,355.33,355.75
1991,Portugal,358.13,358.09,359.84,361.19,359.39,358.84,355.38,350.31,350.51,352.66,353.81,354.81
1991,Republic of Kiribati,355.23,355.82,356.57,356.68,356.35,356.52,356.07,355.01,354.21,354.39,355.14,355.49
1991,Republic of Korea,362.69,364.49,364.72,364.18,362.74,358.25,355.04,353.92,354.7,357.31,359.8,362.57
1991,Seychelles,354.23,354.78,354.46,353.25,353.0,353.71,353.78,353.77,353.87,354.6,355.3,355.11
1991,Spain,355.6,355.6,355.6,355.6,355.6,355.6,355.6,355.6,355.6,355.6,354.86,356.33
1991,United Kingdom,355.3,355.92,356.43,357.14,356.77,355.72,354.99,352.95,352.01,354.39,355.42,355.54
1991,United States,357.18,357.92,358.67,359.33,359.21,357.28,353.72,351.21,351.74,354.27,356.32,357.44
1992,American Samoa,354.61,354.83,355.0,354.71,354.83,355.14,355.65,355.56,355.28,355.27,355.29,355.54
1992,Australia,352.72,352.64,352.62,353.07,353.66,353.96,354.31,354.67,354.81,354.7,354.42,354.2
1992,Barbados,357.34,358.35,358.61,358.83,359.4,358.36,355.79,352.94,352.0,352.63,354.3,356.16
1992,Canada,362.54,362.44,362.78,362.78,362.91,360.84,353.45,347.34,347.93,352.24,356.66,360.68
1992,France,353.36,352.74,353.16,353.87,354.59,354.97,355.37,355.68,355.77,355.93,355.91,355.4
1992,Guam,356.14,357.51,358.43,359.01,360.0,359.41,357.29,355.11,353.19,352.93,354.37,356.06
1992,Iceland,356.3,356.3,356.3,356.3,356.3,356.3,356.3,356.3,356.3,352.53,357.04,359.33
1992,Ireland,360.12,360.04,360.26,361.39,360.5,358.29,353.01,346.54,347.25,353.06,357.36,358.47
1992,Japan,353.71,353.36,353.21,353.4,353.82,354.38,354.78,355.1,355.48,355.68,355.44,355.0
1992,Mongolia,359.63,361.24,362.75,364.28,361.78,354.06,347.3,347.9,352.13,355.25,357.13,358.77
1992,Norway,359.83,360.56,361.95,362.6,361.38,358.75,352.64,346.91,347.63,352.67,357.05,359.26
1992,Peoples Republic of China,357.03,358.94,359.98,361.98,361.71,356.14,352.55,352.31,353.37,355.05,355.5,356.96
1992,Poland,358.6,358.6,358.6,358.6,358.6,358.6,358.6,358.6,353.07,359.88,361.09,360.35
1992,Portugal,358.06,358.06,358.06,358.06,358.06,358.06,358.06,358.06,358.06,358.06,358.06,358.06
1992,Republic of Kiribati,356.28,356.74,357.08,358.33,358.85,357.97,356.93,356.12,355.55,355.35,355.36,356.08
1992,Republic of Korea,364.25,365.42,367.68,368.94,366.39,358.1,351.33,347.64,351.9,359.89,363.33,365.01
1992,Seychelles,355.06,355.96,356.66,356.18,354.33,353.11,354.07,355.0,354.75,355.14,355.3,355.31
1992,Spain,356.62,356.79,357.58,358.9,359.59,358.76,356.84,353.74,352.92,354.11,355.22,356.76
1992,United Kingdom,356.6,357.1,357.25,357.48,357.28,356.78,356.03,353.56,352.52,354.66,356.16,356.4
1992,United States,358.45,358.9,359.21,359.72,359.54,357.73,354.37,351.68,352.04,354.47,356.34,357.85
1993,American Samoa,355.55,355.77,356.16,355.51,355.06,355.5,355.81,356.05,355.96,355.94,356.45,356.87
1993,Australia,353.86,353.86,354.14,354.05,354.05,354.46,355.03,355.62,355.81,355.63,355.49,355.34
1993,Barbados,357.28,358.12,359.08,360.02,360.25,358.96,356.68,354.1,352.84,353.65,355.79,357.42
1993,Canada,362.16,362.03,362.84,363.4,363.3,360.86,353.98,348.2,349.0,353.13,357.62,360.28
1993,France,354.88,354.66,354.88,355.45,355.41,355.16,355.58,356.19,356.65,357.07,356.79,356.14
1993,Guam,357.48,358.04,358.33,359.2,359.91,359.29,357.14,353.53,352.51,354.37,355.72,357.09
1993,Hungary,359.96,359.96,369.31,363.06,354.68,350.93,354.08,353.93,354.35,362.27,369.46,367.53
1993,Iceland,360.32,361.09,361.94,362.16,361.22,358.43,352.38,348.2,349.32,353.74,358.9,362.36
1993,Ireland,359.14,359.72,361.18,362.6,361.23,357.9,353.44,348.68,349.44,353.69,356.94,359.1
1993,Japan,354.39,353.91,353.91,354.04,354.27,354.56,354.95,355.49,355.81,355.88,355.78,355.55
1993,Malta,357.34,357.34,357.34,357.34,357.34,357.34,357.34,357.34,357.34,355.9,357.39,358.74
1993,Mongolia,359.99,361.56,363.24,364.36,362.52,354.36,345.64,344.93,352.2,358.8,360.13,360.69
1993,Norway,360.15,361.17,362.5,362.93,362.82,360.43,352.97,347.59,349.32,354.04,358.41,362.0
1993,Peoples Republic of China,359.36,359.23,359.61,361.07,361.08,357.86,353.12,352.03,355.88,357.39,356.79,357.32
1993,Poland,362.57,365.48,365.95,363.28,358.22,355.42,355.71,352.8,351.51,358.77,366.29,367.39
1993,Republic of Kiribati,357.04,357.26,357.59,359.15,359.64,358.35,357.72,357.51,356.9,356.47,356.85,357.86
1993,Republic of Korea,364.67,364.75,365.41,364.39,367.29,364.62,351.46,349.46,352.94,357.6,363.16,363.6
1993,Seychelles,356.19,357.12,357.95,357.09,354.93,354.35,355.13,355.93,356.44,356.32,356.41,357.33
1993,Spain,358.23,359.23,360.05,360.73,360.65,359.25,357.04,354.21,352.98,354.51,357.28,358.72
1993,United Kingdom,357.1,357.62,357.57,357.74,357.07,355.78,355.18,354.84,355.05,356.13,356.82,357.35
1993,United States,358.78,359.11,359.54,360.23,360.2,358.02,354.91,352.73,353.1,355.6,357.68,358.85
1994,American Samoa,357.1,357.71,357.85,357.24,357.12,357.37,357.31,357.25,357.36,357.69,358.17,358.53
1994,Argentina,357.25,357.25,357.25,357.25,357.25,357.25,357.25,357.25,357.34,357.34,357.25,357.06
1994,Australia,355.06,355.13,355.44,355.61,355.71,355.89,356.51,356.98,357.13,357.2,357.22,357.15
1994,Barbados,358.59,359.33,359.9,361.09,361.66,360.26,357.61,354.98,354.05,354.91,356.86,358.55
1994,Canada,362.26,364.1,364.92,364.58,364.22,362.33,356.88,350.7,350.77,355.66,360.59,363.24
1994,Chile,354.76,355.1,355.45,355.05,354.75,355.14,356.16,356.84,356.81,356.57,356.6,357.61
1994,France,356.18,356.13,356.06,356.45,356.78,356.71,356.93,357.68,358.15,358.05,358.06,357.63
1994,Guam,358.39,359.4,360.28,360.84,361.12,360.68,359.39,357.94,355.66,355.2,356.73,357.94
1994,Hungary,368.73,369.21,365.03,361.87,356.31,352.19,352.32,351.91,353.24,365.96,377.02,373.74
1994,Iceland,362.43,362.03,363.1,363.78,362.91,360.7,355.42,350.24,351.25,356.85,360.36,361.51
1994,Ireland,360.55,361.6,363.09,363.66,362.48,359.51,354.92,350.4,351.15,356.0,359.81,361.78
1994,Japan,355.28,355.16,355.27,355.5,355.74,355.94,356.34,356.96,357.3,357.38,357.46,357.5
1994,Malta,360.86,362.25,362.32,362.59,362.44,359.76,355.67,354.48,355.93,358.19,360.52,362.33
1994,Mongolia,362.1,362.96,363.48,363.76,361.95,357.33,352.82,350.45,353.54,359.29,363.29,363.77
1994,Norway,362.73,362.94,363.99,363.83,362.79,360.22,354.53,349.81,351.06,357.04,360.83,362.55
1994,Norway and Sweden,359.47,363.53,364.26,364.48,363.81,361.32,355.63,350.46,350.78,355.94,360.64,363.29
1994,Peoples Republic of China,358.98,361.25,362.98,363.71,362.91,359.54,355.5,354.95,356.7,358.01,359.45,359.45
1994,Poland,368.42,371.04,368.12,364.52,362.51,358.35,353.73,351.75,354.11,361.0,365.23,367.16
1994,Republic of Kiribati,358.79,359.41,359.48,359.56,359.75,359.32,358.67,359.28,359.28,359.28,359.28,359.28
1994,Republic of Korea,364.42,364.85,365.81,366.49,363.78,361.24,355.54,347.96,350.89,361.79,366.93,366.54
1994,Seychelles,358.16,358.6,357.96,355.9,354.76,355.88,356.53,355.69,355.7,356.38,356.91,357.37
1994,Spain,359.25,359.57,360.01,361.3,361.94,360.87,358.45,355.71,355.06,356.14,357.48,358.99
1994,United Kingdom,358.2,358.59,358.93,359.48,359.31,358.22,357.6,356.81,356.32,357.96,359.25,359.64
1994,United States,360.93,361.82,362.38,362.74,362.68,361.24,358.5,356.27,356.56,358.64,360.75,362.48
1995,Algeria,359.3,359.3,359.3,359.3,359.3,359.3,359.3,359.3,357.23,358.36,360.21,361.42
1995,American Samoa,358.79,359.28,359.24,358.95,359.16,359.39,359.58,359.53,359.47,359.67,360.16,360.74
1995,Argentina,357.08,357.3,358.68,358.68,358.68,358.68,360.17,359.83,359.04,358.75,358.8,358.46
1995,Australia,357.16,357.31,357.38,357.47,357.69,358.12,358.62,358.92,359.06,359.01,359.08,359.44
1995,Barbados,360.08,361.53,362.31,362.7,363.15,362.56,360.16,357.47,356.58,358.09,360.1,361.21
1995,Canada,364.57,365.95,366.5,366.08,365.52,363.72,358.06,352.6,353.34,357.96,363.13,366.08
1995,Chile,358.13,357.69,357.73,358.25,358.25,358.25,357.62,358.01,358.53,358.68,358.71,359.12
1995,France,356.66,356.53,357.19,357.41,357.07,357.43,357.95,358.64,359.46,359.58,359.72,360.04
1995,Guam,360.07,361.93,362.45,362.96,363.23,362.99,362.17,359.51,357.3,357.67,359.27,360.7
1995,Hungary,369.94,368.85,368.24,366.42,359.58,353.83,354.5,354.58,358.5,374.29,386.09,388.03
1995,Iceland,362.94,364.8,366.08,365.93,364.4,360.97,356.15,352.07,352.26,357.39,361.96,364.63
1995,Ireland,363.54,364.06,364.41,365.54,364.21,360.71,356.77,353.81,354.93,358.01,361.92,364.79
1995,Israel,365.4,365.4,365.4,365.4,365.4,365.4,365.4,365.4,365.4,365.4,365.49,365.32
1995,Japan,357.33,357.12,357.16,357.47,357.77,358.07,358.44,358.66,358.92,359.24,359.42,359.44
1995,Malta,365.12,364.64,363.06,364.9,364.56,360.51,359.64,358.73,357.99,359.54,361.46,363.08
1995,Mongolia,363.9,365.12,366.38,366.46,364.81,357.84,350.66,351.36,356.74,360.75,363.3,365.03
1995,Norway,363.57,364.37,365.64,365.86,364.64,361.6,356.51,352.22,353.2,357.7,361.98,364.75
1995,Norway and Sweden,364.08,365.77,366.91,365.95,365.14,362.69,356.59,352.06,353.54,359.47,363.72,365.14
1995,Poland,369.36,369.02,369.93,370.08,367.75,365.03,359.02,354.59,358.8,364.4,367.44,367.77
1995,Portugal,360.93,361.78,362.58,363.11,363.52,361.75,356.62,353.28,354.73,358.38,361.92,363.33
1995,Republic of Kiribati,360.93,360.93,360.93,360.93,360.93,360.93,360.93,360.93,360.93,360.93,360.93,360.93
1995,Republic of Korea,366.59,367.44,367.63,368.47,367.5,363.23,359.25,355.95,357.8,363.4,365.38,368.13
1995,Romania,364.86,364.86,369.43,368.58,364.85,361.08,355.98,355.52,358.8,366.76,373.03,374.62
1995,Seychelles,358.5,359.4,359.48,358.64,357.32,356.96,357.58,357.98,357.78,357.94,358.86,358.86
1995,Spain,360.55,361.98,362.97,363.61,364.63,365.22,362.72,358.99,358.12,358.88,360.7,363.02
1995,United Kingdom,360.54,360.87,360.91,361.32,361.25,360.36,359.18,357.83,357.9,359.48,360.83,361.39
1995,United States,363.15,362.9,363.18,363.78,363.4,361.34,358.58,356.5,357.2,359.57,361.85,362.85
1996,Algeria,362.56,363.92,364.6,364.97,365.25,364.5,361.94,359.48,358.42,359.09,360.82,362.36
1996,American Samoa,361.33,361.9,361.49,360.56,360.83,361.09,360.9,360.89,360.88,361.02,361.45,361.91
1996,Argentina,358.22,358.53,359.13,359.59,359.6,359.79,360.2,360.35,360.23,359.66,359.38,359.52
1996,Australia,359.41,359.2,359.17,359.17,359.44,359.8,360.05,360.5,360.7,360.68,360.59,360.34
1996,Barbados,362.6,363.66,364.15,365.22,365.84,364.62,361.9,359.55,358.25,359.1,361.03,362.3
1996,Canada,366.63,366.74,367.24,367.85,368.63,367.6,362.11,355.58,354.62,359.22,363.68,366.24
1996,Chile,359.65,359.66,359.34,358.86,358.68,359.06,359.28,359.69,359.94,359.58,359.82,360.88
1996,France,359.4,358.49,358.54,359.06,359.39,359.67,360.34,360.95,360.88,360.63,360.43,360.15
1996,Guam,361.93,363.23,364.17,364.57,365.09,364.77,363.26,362.0,360.53,359.52,360.63,362.03
1996,Hungary,385.83,382.0,378.97,372.24,364.41,359.4,351.27,348.45,358.68,369.48,372.54,383.28
1996,Iceland,365.76,366.01,366.51,367.24,366.85,364.71,360.16,354.92,354.92,359.06,363.06,364.91
1996,Ireland,365.61,366.93,368.49,367.77,366.54,365.09,360.14,355.06,355.38,359.33,363.33,367.24
1996,Israel,366.1,366.53,366.64,368.15,366.61,363.02,360.38,358.92,359.9,363.59,365.24,365.81
1996,Japan,359.44,359.49,359.47,359.54,359.77,360.11,360.35,360.61,360.96,361.03,360.88,360.85
1996,Malta,363.28,362.74,363.02,364.76,365.34,363.71,361.4,359.6,359.9,361.61,363.89,366.21
1996,Mongolia,366.17,367.06,367.7,368.8,367.86,360.71,353.32,352.69,357.19,361.82,364.46,365.88
1996,Norway,366.41,366.29,367.04,368.28,367.18,365.07,360.74,354.49,355.92,362.33,364.4,364.71
1996,Norway and Sweden,365.62,366.26,367.13,368.04,367.92,365.75,361.09,355.25,354.52,359.6,364.54,365.96
1996,Peoples Republic of China,361.37,361.37,361.37,361.37,361.37,361.37,361.37,361.37,360.26,360.94,361.52,362.77
1996,Poland,368.78,372.05,373.34,372.71,370.5,366.29,361.54,357.54,357.25,363.08,371.03,375.85
1996,Portugal,363.72,364.29,365.24,366.28,366.24,365.88,364.34,360.45,358.42,360.04,361.82,364.0
1996,Republic of Kiribati,361.86,362.64,363.04,363.01,362.93,363.38,363.57,362.92,362.92,362.92,362.92,362.92
1996,Republic of Korea,369.47,368.38,368.61,370.52,370.16,365.14,361.71,362.21,362.67,364.55,367.65,368.2
1996,Romania,377.71,381.02,378.99,372.13,365.12,361.38,360.01,359.78,366.46,375.21,376.67,377.86
1996,Seychelles,359.12,360.66,360.36,358.96,358.52,358.72,359.64,361.01,361.28,361.46,362.36,362.52
1996,Spain,364.72,365.58,365.33,366.02,366.88,365.85,363.33,360.03,358.38,359.33,361.05,362.66
1996,United Kingdom,361.87,362.1,362.35,362.81,362.84,362.41,361.69,360.38,359.58,361.02,362.18,362.5
1996,United States,364.17,365.06,365.42,365.8,365.84,364.09,360.64,357.79,357.67,360.51,362.87,364.41
1997,Algeria,363.95,365.1,365.85,366.27,366.55,365.93,363.42,360.59,359.37,360.31,362.74,364.83
1997,American Samoa,362.12,362.37,362.52,362.29,361.67,361.34,361.82,362.04,362.28,362.85,363.24,363.48
1997,Argentina,361.79,361.79,361.79,361.79,362.15,361.58,361.51,361.84,361.95,361.71,361.79,361.79
1997,Australia,360.16,360.28,360.47,360.56,360.75,361.0,361.37,361.75,362.01,362.15,362.08,362.1
1997,Barbados,363.62,364.79,365.49,366.4,366.53,365.28,362.69,359.88,358.89,360.53,362.81,364.22
1997,Canada,368.08,368.79,368.62,368.76,369.16,367.96,364.72,362.05,362.46,364.86,366.7,368.1
1997,Chile,361.39,360.61,359.71,359.89,359.85,359.89,360.85,361.11,360.9,361.32,361.92,362.06
1997,France,359.73,359.42,359.55,359.94,360.38,360.98,361.3,361.36,361.38,361.3,361.38,361.5
1997,Greenland,360.86,360.86,360.86,360.86,360.86,363.22,359.14,355.78,356.58,360.47,364.14,366.71
1997,Guam,363.17,364.32,365.19,366.1,366.75,365.96,363.98,361.84,360.86,361.19,362.51,364.05
1997,Hungary,393.04,382.05,370.89,370.22,364.41,358.5,354.49,351.19,355.16,365.29,376.6,381.83
1997,Iceland,366.23,367.46,368.3,368.62,367.99,365.04,359.51,354.41,355.55,360.63,364.63,367.05
1997,Ireland,367.47,366.71,367.75,368.21,368.02,365.33,359.25,354.96,355.87,362.29,367.6,370.05
1997,Israel,367.29,366.72,366.74,368.32,366.57,361.45,357.33,356.18,359.06,363.53,365.88,367.51
1997,Japan,360.8,360.51,360.43,360.72,360.99,361.18,361.38,361.72,362.06,362.15,362.17,362.24
1997,Kazakhstan,367.16,367.16,367.16,367.16,367.16,367.16,367.16,367.16,367.16,364.03,367.24,370.23
1997,Malta,367.48,368.07,367.78,367.78,367.78,367.78,367.78,367.78,367.78,367.78,367.78,367.78
1997,Mongolia,367.49,368.21,369.08,370.89,368.83,363.18,356.73,355.33,361.07,365.88,365.74,367.33
1997,Namibia,360.84,360.39,359.63,360.39,361.5,362.75,364.25,363.85,362.93,363.01,362.71,362.02
1997,Norway,366.34,368.13,368.78,368.71,368.05,365.55,359.22,354.18,356.01,361.34,366.13,369.12
1997,Norway and Sweden,367.92,369.39,369.31,369.41,369.33,366.83,360.72,354.93,356.0,360.83,365.22,367.88
1997,Peoples Republic of China,364.78,366.35,367.5,368.58,367.18,362.78,358.79,358.54,360.99,363.06,364.08,364.74
1997,Poland,377.11,373.44,370.54,369.91,364.59,353.12,350.99,356.3,359.18,365.43,378.19,383.35
1997,Portugal,365.41,365.2,365.47,366.54,366.96,365.17,361.12,357.14,356.57,360.4,364.48,367.14
1997,Republic of Korea,368.32,369.5,371.8,371.87,369.46,367.36,363.71,358.77,360.64,365.56,368.25,370.81
1997,Romania,380.73,377.42,372.99,370.83,367.67,362.89,359.99,360.48,363.5,373.16,380.46,378.75
1997,Seychelles,362.77,364.08,364.08,362.3,361.53,362.32,362.29,362.18,362.59,363.61,364.51,364.8
1997,Spain,364.01,364.86,365.77,366.65,366.62,364.79,362.38,360.89,360.42,361.5,363.59,365.29
1997,United Kingdom,363.3,363.69,364.1,364.53,364.09,363.35,362.78,361.21,360.38,362.34,364.17,364.38
1997,United States,365.51,365.98,366.57,367.29,366.87,364.73,361.71,359.63,360.48,362.94,365.03,366.35
1998,Algeria,365.87,367.3,368.53,369.27,369.7,368.46,365.76,363.85,363.26,364.36,366.04,367.47
1998,American Samoa,363.47,363.49,363.52,363.53,364.1,364.74,364.88,365.14,365.4,365.55,366.0,366.47
1998,Argentina,363.94,361.91,363.12,363.5,363.12,363.87,364.54,364.66,364.81,364.89,364.68,364.21
1998,Australia,362.1,362.21,362.55,362.89,363.28,363.65,364.13,364.71,364.99,364.99,364.94,364.93
1998,Barbados,365.56,366.75,367.61,368.56,369.23,368.27,366.04,364.51,363.77,363.5,365.1,367.41
1998,Canada,369.41,370.35,370.41,370.56,371.29,369.54,363.33,358.34,359.79,364.17,368.67,371.62
1998,Chile,362.52,363.23,362.13,361.11,361.88,362.71,363.74,364.47,364.39,364.45,364.59,365.08
1998,France,361.45,361.57,362.15,362.65,362.89,363.38,364.15,364.79,365.13,365.15,364.99,364.88
1998,Greenland,368.04,369.1,369.87,370.13,369.81,367.26,362.95,368.17,368.17,368.17,368.17,368.17
1998,Guam,365.61,366.61,367.26,368.64,369.43,368.77,367.59,366.08,364.39,364.24,365.55,366.69
1998,Hungary,378.16,376.38,373.66,367.57,364.39,360.14,355.04,359.34,365.21,368.97,376.25,385.38
1998,Iceland,369.11,370.03,370.09,370.35,370.22,369.18,364.49,358.82,359.34,363.97,367.79,370.17
1998,Ireland,370.71,369.33,368.81,370.48,370.03,366.73,361.57,358.04,360.18,364.73,368.32,370.12
1998,Israel,369.05,369.75,370.67,370.97,367.79,364.29,363.53,362.99,365.27,368.96,370.97,372.16
1998,Kazakhstan,371.64,372.28,372.22,371.22,366.79,361.56,360.14,360.92,362.9,366.83,371.22,373.6
1998,Malta,366.5,366.5,366.5,366.5,366.5,366.5,364.86,364.88,365.33,365.75,368.12,370.07
1998,Mongolia,369.72,370.69,371.87,372.02,369.54,365.43,359.42,357.19,362.25,370.04,372.45,372.51
1998,Namibia,365.78,365.78,365.78,365.78,365.78,365.78,366.9,366.46,365.05,365.11,365.6,365.54
1998,Norway,369.91,369.73,369.92,369.91,370.31,368.75,362.6,357.79,359.41,364.64,368.0,370.55
1998,Norway and Sweden,370.28,370.84,370.44,370.69,371.33,369.3,362.16,356.85,359.07,365.42,369.4,371.1
1998,Peoples Republic of China,366.38,367.49,368.02,369.95,368.82,362.95,359.74,361.25,364.24,365.42,366.58,368.44
1998,Poland,376.51,372.1,372.72,372.64,370.73,367.66,362.15,358.46,362.1,369.83,375.57,378.51
1998,Portugal,366.85,365.62,366.86,369.09,368.58,366.51,363.09,359.64,360.97,364.5,367.51,369.46
1998,Republic of Kiribati,366.42,366.42,366.42,366.42,366.42,366.42,366.42,366.42,366.42,366.42,366.12,366.73
1998,Republic of Korea,372.35,373.2,374.96,377.69,373.71,368.59,367.87,361.55,361.5,369.61,373.63,374.5
1998,Romania,375.22,375.12,372.92,373.12,374.26,367.76,361.78,360.8,366.68,373.04,381.1,387.48
1998,Seychelles,365.04,365.77,366.47,365.82,364.84,364.86,365.32,365.94,365.81,365.37,365.77,366.25
1998,Spain,366.45,367.33,366.2,366.2,366.2,366.2,366.2,365.03,364.13,364.29,366.92,369.25
1998,United Kingdom,364.83,365.83,366.4,366.26,366.11,365.77,364.79,363.72,363.44,364.91,366.88,367.09
1998,United States,366.98,367.69,368.39,368.65,368.31,367.09,364.31,362.13,362.97,365.64,367.65,369.0
1999,Algeria,368.62,369.49,370.69,371.37,371.17,370.01,367.28,364.84,364.21,365.17,367.63,369.35
1999,American Samoa,366.81,366.8,366.5,367.01,367.52,367.19,367.16,367.3,366.98,366.89,367.25,367.71
1999,Argentina,364.2,364.55,364.81,365.02,365.61,366.36,366.34,366.27,366.34,366.11,365.99,366.14
1999,Australia,365.03,365.05,364.93,364.94,365.13,365.39,365.75,366.17,366.44,366.51,366.51,366.52
1999,Barbados,368.99,369.75,370.15,370.68,371.01,369.82,366.83,364.11,363.59,364.38,366.28,368.09
1999,Canada,372.91,373.65,374.03,374.36,374.49,371.53,364.88,359.34,360.33,364.48,369.29,372.5
1999,Chile,364.94,364.24,364.35,364.23,364.34,365.31,365.93,365.2,364.88,365.86,366.52,366.8
1999,France,364.64,364.43,364.75,365.16,365.13,365.46,365.13,365.13,365.13,365.13,365.13,366.34
1999,Guam,367.83,368.31,369.06,370.29,370.55,369.75,368.3,366.83,365.62,365.43,366.47,367.89
1999,Hungary,389.37,387.08,381.8,373.96,366.9,363.47,359.1,356.57,363.43,375.98,385.15,382.68
1999,Iceland,372.48,373.2,373.61,374.07,372.73,369.95,364.01,358.67,359.46,365.15,369.5,371.77
1999,Ireland,370.93,371.02,372.3,374.1,373.24,369.78,364.53,359.88,360.93,365.85,369.9,371.7
1999,Israel,372.6,372.78,372.9,372.7,371.37,367.22,363.65,363.54,365.15,368.02,371.58,372.85
1999,Japan,365.19,364.86,364.75,364.96,365.27,365.55,365.89,366.41,366.64,366.69,366.75,366.67
1999,Kazakhstan,373.52,374.34,375.38,373.7,370.39,365.72,361.63,361.46,365.34,369.58,372.26,373.4
1999,Malta,371.1,371.95,371.52,371.52,371.52,371.52,371.52,371.52,371.52,371.52,371.52,371.52
1999,Mongolia,373.03,372.64,372.93,374.61,372.79,365.51,361.64,361.84,363.72,367.61,371.22,373.81
1999,Namibia,365.38,365.32,365.37,365.52,365.6,366.11,367.07,367.46,367.28,367.71,368.41,367.88
1999,New Zealand,366.01,366.01,366.01,366.01,366.01,366.01,366.01,366.01,366.01,366.24,366.02,365.78
1999,Norway,372.96,373.46,373.78,373.95,372.85,370.3,364.09,359.09,361.99,366.71,368.99,371.7
1999,Norway and Sweden,371.94,373.5,375.4,375.19,373.9,371.05,365.03,360.81,361.9,366.3,371.36,376.16
1999,Peoples Republic of China,369.52,370.62,371.32,372.6,372.7,367.75,362.33,362.48,365.73,367.06,368.3,369.06
1999,Poland,377.97,377.72,379.2,377.39,373.36,368.32,363.13,361.29,363.41,368.97,373.72,377.69
1999,Portugal,370.66,371.05,371.19,371.6,372.11,370.47,366.83,364.32,364.8,366.81,368.35,369.65
1999,Republic of Kiribati,367.5,368.5,369.9,370.17,368.81,368.46,368.7,367.75,367.07,367.29,367.86,368.58
1999,Republic of Korea,374.42,375.53,376.98,377.12,375.46,370.38,367.25,365.7,365.31,369.21,372.18,372.96
1999,Romania,383.2,381.72,383.12,378.07,373.58,373.35,372.53,370.87,371.49,371.95,378.97,389.43
1999,Seychelles,366.47,367.78,368.47,366.59,365.56,366.25,366.69,366.85,367.03,366.93,366.7,367.34
1999,Spain,369.88,370.32,371.21,371.24,370.92,370.78,368.16,364.73,364.32,365.67,367.2,368.65
1999,United Kingdom,367.57,368.41,368.42,368.18,367.78,367.68,367.14,365.6,364.93,366.43,368.31,369.06
1999,United States,370.47,370.74,371.25,371.93,371.57,369.14,365.26,363.05,364.09,366.87,369.4,370.9
2000,Algeria,370.19,371.43,372.09,372.41,372.7,371.83,369.35,366.61,365.93,366.62,368.72,370.86
2000,American Samoa,368.17,368.48,368.4,367.76,367.09,367.36,368.2,368.45,368.26,368.44,368.99,369.32
2000,Argentina,366.15,366.01,366.04,366.32,366.57,366.98,367.61,367.94,367.74,367.47,367.12,366.71
2000,Australia,366.49,366.32,366.23,366.27,366.32,366.62,367.11,367.42,367.58,367.69,367.73,367.56
2000,Barbados,369.39,370.13,370.75,371.83,372.04,370.57,367.99,366.06,365.64,366.48,368.37,370.2
2000,Canada,373.57,374.46,375.08,375.4,375.79,373.29,366.55,361.21,361.89,366.66,370.79,373.27
2000,Chile,367.39,366.51,365.17,365.33,365.36,365.28,365.96,366.65,366.33,366.58,367.12,367.13
2000,France,365.9,365.77,366.08,366.23,366.33,366.74,367.11,367.54,367.93,368.06,367.89,367.64
2000,Greenland,367.47,367.47,367.47,367.47,367.47,367.47,367.47,362.63,363.03,367.45,371.58,372.67
2000,Guam,368.69,369.06,369.97,371.18,371.68,371.21,369.89,368.42,367.73,367.41,367.96,369.27
2000,Hungary,381.31,379.73,376.77,374.36,367.88,365.02,365.12,363.72,369.74,373.73,380.71,394.52
2000,Iceland,372.98,373.59,374.71,374.99,374.1,371.15,365.49,361.11,361.81,367.15,371.03,372.75
2000,Ireland,372.79,372.8,373.47,374.6,374.0,371.68,366.6,361.07,361.51,366.83,371.67,373.59
2000,Israel,374.3,374.57,373.79,374.1,371.42,368.66,367.86,365.56,366.76,371.07,373.09,373.69
2000,Japan,366.5,366.23,366.13,366.36,366.62,366.74,367.03,367.48,367.66,367.69,367.76,367.73
2000,Kazakhstan,374.84,375.86,375.2,373.02,368.79,364.84,363.16,362.62,365.16,370.56,374.38,375.73
2000,Mongolia,374.45,373.77,374.61,376.26,374.42,370.72,365.23,360.94,365.33,371.28,373.56,375.41
2000,Namibia,366.85,366.37,367.16,368.26,367.49,367.25,367.37,367.37,367.37,367.37,367.37,368.2
2000,New Zealand,365.95,365.92,365.91,366.22,366.19,366.03,366.74,367.56,367.41,367.34,367.24,367.01
2000,Norway,373.18,373.87,374.68,374.28,373.7,371.78,365.89,360.78,363.4,369.3,373.14,374.97
2000,Norway and Sweden,377.11,376.65,376.5,375.47,375.19,372.93,365.88,360.27,361.26,366.87,371.12,374.2
2000,Peoples Republic of China,369.84,372.09,374.44,374.42,372.59,370.42,366.46,365.39,368.08,369.57,369.97,371.29
2000,Poland,378.68,377.6,378.07,377.35,373.38,370.1,368.26,364.2,366.17,377.39,384.47,381.32
2000,Portugal,370.82,370.68,371.74,373.74,373.36,369.99,367.64,366.77,365.73,367.07,370.07,372.09
2000,Republic of Kiribati,369.19,369.95,371.11,372.27,372.02,370.28,369.71,369.33,368.66,368.71,369.33,370.15
2000,Republic of Korea,374.47,377.31,377.83,375.87,373.45,371.01,368.8,367.95,369.78,373.13,374.95,376.29
2000,Romania,387.19,381.08,381.33,378.92,373.3,370.15,370.78,374.45,374.24,375.28,381.46,386.01
2000,Seychelles,368.62,369.98,369.81,367.74,367.08,367.51,367.63,367.3,367.43,368.21,369.12,370.01
2000,Spain,370.15,371.08,371.91,373.25,373.39,372.09,369.36,366.66,366.96,368.48,369.48,370.85
2000,United Kingdom,369.68,370.17,369.93,369.89,369.82,368.99,368.08,366.79,366.38,367.96,369.76,370.17
2000,United States,371.92,372.26,372.69,372.73,372.29,370.83,368.39,366.24,366.4,369.19,371.17,372.02
2001,Algeria,372.05,372.78,373.57,374.22,374.37,373.19,370.41,368.36,367.79,368.32,370.37,372.27
2001,American Samoa,369.53,369.96,369.85,368.9,368.65,369.63,370.57,370.23,369.75,370.07,370.57,370.91
2001,Argentina,366.65,366.92,367.3,366.96,366.96,366.96,366.96,366.96,366.96,366.96,366.96,366.96
2001,Australia,367.41,367.44,367.51,367.64,367.89,368.22,368.58,369.11,369.6,369.67,369.5,369.4
2001,Barbados,371.56,372.7,373.38,373.6,373.92,373.12,370.47,368.33,367.57,368.09,370.15,372.25
2001,Canada,375.29,376.13,376.32,377.13,377.55,374.53,367.18,361.88,362.93,368.27,372.96,375.27
2001,Chile,367.59,367.83,367.58,367.15,367.46,368.29,368.25,367.83,367.97,368.34,368.68,369.75
2001,Finland,377.87,377.87,377.87,377.87,377.87,377.87,377.87,377.87,377.87,377.87,377.87,377.87
2001,France,367.29,367.09,367.21,367.27,367.65,368.46,368.91,369.12,369.48,369.91,368.24,368.24
2001,Greenland,374.16,375.58,375.37,376.04,376.04,372.86,367.67,363.81,363.91,368.01,372.38,374.48
2001,Guam,370.07,371.1,372.54,373.68,373.8,372.19,370.49,369.94,368.92,368.11,369.47,371.42
2001,Hungary,391.86,383.65,381.54,374.92,368.13,364.88,362.02,363.72,370.79,380.1,387.41,391.12
2001,Iceland,374.07,375.3,376.32,376.8,376.11,372.27,366.03,362.19,364.73,369.35,372.96,375.81
2001,Ireland,373.97,375.45,376.86,376.21,374.79,372.24,366.75,361.88,362.97,368.15,373.76,378.79
2001,Israel,374.62,373.77,373.91,376.44,374.76,370.78,368.85,368.34,368.62,371.44,374.46,376.61
2001,Japan,367.56,367.45,367.53,367.78,368.03,368.3,368.76,369.32,369.8,369.97,369.92,369.71
2001,Kazakhstan,377.0,377.12,376.29,375.41,372.08,366.82,364.43,365.64,368.62,372.56,375.96,379.36
2001,Mongolia,377.01,377.71,378.42,377.7,375.05,370.78,364.76,360.89,366.39,372.41,373.32,374.78
2001,Namibia,367.86,367.66,367.76,367.76,367.76,367.76,367.76,367.76,367.76,367.76,367.76,367.76
2001,New Zealand,367.2,367.1,366.76,367.1,367.42,367.74,367.87,367.81,368.22,368.65,368.78,368.96
2001,Norway,376.33,376.66,376.59,376.73,375.86,372.67,366.99,361.62,363.24,368.55,372.44,374.68
2001,Norway and Sweden,376.13,376.25,376.39,376.99,377.35,375.01,367.66,361.88,363.12,368.51,374.14,375.96
2001,Peoples Republic of China,372.65,373.16,374.54,376.25,374.72,371.1,366.23,363.19,367.37,372.79,372.54,372.28
2001,Poland,379.17,380.72,379.78,375.76,373.39,371.0,366.49,364.64,370.2,375.62,376.19,373.91
2001,Portugal,372.64,372.73,374.31,376.16,374.42,371.59,370.16,367.66,366.35,368.76,371.08,372.67
2001,Republic of Kiribati,370.79,371.38,371.36,371.36,371.36,371.36,371.36,371.36,371.36,371.36,371.36,371.91
2001,Republic of Korea,376.73,377.75,380.65,381.14,377.34,374.01,374.21,370.73,369.3,374.24,375.64,376.7
2001,Romania,384.61,382.22,382.93,378.18,372.61,370.54,368.49,371.1,372.69,375.61,383.34,387.99
2001,Seychelles,370.97,371.03,369.76,368.65,368.66,369.26,369.87,370.12,370.19,370.41,370.13,370.15
2001,Spain,371.91,372.34,373.66,375.52,375.62,373.04,370.15,368.57,367.68,369.12,371.69,372.44
2001,United Kingdom,370.23,370.78,371.28,371.74,371.4,369.9,369.38,368.73,368.11,369.48,370.91,371.85
2001,United States,373.55,374.78,374.87,375.15,374.39,371.94,368.84,367.27,367.62,370.18,372.6,374.13
2002,Algeria,373.76,374.64,375.14,376.24,376.41,375.15,372.93,370.47,369.47,370.52,372.49,374.18
2002,American Samoa,371.19,371.61,371.84,371.28,370.96,371.33,371.81,372.0,372.02,372.42,372.97,373.3
2002,Argentina,371.41,371.41,371.41,371.41,371.41,370.74,371.74,372.03,371.85,371.8,371.15,370.55
2002,Australia,369.43,369.49,369.54,369.74,370.01,370.45,371.05,371.51,371.77,371.84,371.72,371.58
2002,Barbados,373.01,373.8,375.06,375.88,376.18,375.03,372.49,370.22,368.92,369.96,371.97,373.93
2002,Canada,376.97,377.93,378.44,378.67,378.43,376.29,370.26,364.51,365.38,370.63,374.29,376.5
2002,Chile,369.91,369.04,369.0,368.55,368.65,369.94,370.37,370.21,371.36,373.08,373.15,371.93
2002,Finland,378.17,378.78,379.57,379.64,377.04,369.15,363.6,368.28,373.05,373.31,377.3,379.74
2002,France,371.4,371.4,371.4,371.4,371.4,370.56,370.82,371.49,371.75,371.73,371.77,371.7
2002,Greenland,375.33,376.73,377.74,378.01,377.91,377.14,377.14,377.14,377.14,377.14,377.14,377.14
2002,Guam,372.64,373.47,374.49,375.43,375.76,375.0,373.23,372.23,370.92,370.44,372.4,373.74
2002,Hungary,389.94,385.37,382.66,378.27,369.9,365.72,365.23,364.32,367.72,375.93,383.49,390.95
2002,Iceland,376.85,377.3,377.91,378.26,377.51,373.76,368.61,364.35,365.86,372.09,376.21,377.21
2002,Ireland,377.54,375.82,377.44,377.94,376.99,374.65,368.25,363.24,365.49,370.15,374.88,380.54
2002,Israel,376.94,375.76,376.82,378.02,376.2,373.56,370.82,368.86,371.74,377.27,378.33,378.58
2002,Japan,369.58,369.53,369.49,369.84,370.16,370.45,371.04,371.55,371.89,372.05,372.0,371.95
2002,Kazakhstan,380.45,379.48,378.6,378.63,376.49,371.04,367.35,368.46,371.56,375.82,379.1,380.6
2002,Mongolia,377.1,377.72,377.98,378.86,377.43,371.58,364.82,365.36,370.08,374.27,377.75,379.13
2002,New Zealand,369.04,368.36,368.06,368.85,369.98,370.02,369.09,368.84,369.43,369.89,370.02,370.08
2002,Norway,376.38,377.54,377.86,377.43,376.2,373.45,368.59,363.66,364.93,370.71,375.76,378.32
2002,Norway and Sweden,377.01,378.24,378.41,378.53,377.93,374.78,369.03,363.92,365.08,370.87,378.23,381.15
2002,Peoples Republic of China,374.2,374.8,375.35,376.99,376.82,371.87,366.04,366.08,370.0,372.04,372.99,374.64
2002,Poland,378.85,378.85,378.85,383.51,381.86,378.53,373.45,369.11,370.08,377.16,386.98,388.97
2002,Portugal,374.5,375.83,376.54,376.49,376.45,374.35,370.91,370.05,369.92,370.82,373.47,375.26
2002,Republic of Kiribati,372.34,372.82,373.81,374.47,374.1,373.65,373.54,373.28,372.81,372.84,373.27,373.88
2002,Republic of Korea,379.43,380.03,382.14,386.52,384.12,373.27,369.15,373.47,375.03,375.07,377.11,378.13
2002,Romania,386.47,384.17,384.0,380.94,376.64,377.81,376.43,371.76,375.29,380.46,381.77,384.86
2002,Seychelles,372.08,373.51,372.83,371.34,370.89,371.74,372.29,372.4,372.54,372.92,373.29,373.77
2002,Spain,373.09,375.02,375.81,375.67,375.05,373.33,371.7,369.82,369.11,370.11,371.83,373.28
2002,United Kingdom,372.72,372.41,372.22,372.81,373.34,372.96,372.12,370.84,370.43,371.57,372.8,373.84
2002,United States,375.19,375.49,376.12,377.01,376.14,374.2,371.04,368.71,370.0,373.35,375.43,376.86
2003,Algeria,375.57,376.67,377.63,378.52,378.95,378.29,375.75,373.08,372.38,372.83,374.59,376.78
2003,American Samoa,373.28,373.35,374.03,374.0,373.57,373.53,373.98,374.48,374.39,374.3,374.58,375.15
2003,Argentina,370.82,371.11,371.4,372.13,372.63,373.04,373.63,373.96,374.0,373.83,373.54,373.35
2003,Australia,371.55,371.73,371.9,372.07,372.39,372.71,373.19,373.82,374.08,373.91,373.7,373.6
2003,Barbados,375.24,375.98,376.95,378.16,378.81,378.03,375.6,373.03,371.74,372.68,374.96,376.36
2003,Canada,379.13,381.09,381.43,381.44,382.02,379.64,372.58,367.8,368.57,373.03,377.33,380.31
2003,Chile,371.13,371.2,371.2,371.78,372.19,371.98,372.14,372.21,372.07,372.07,372.26,372.5
2003,Finland,379.07,381.04,383.02,382.06,379.03,372.81,365.97,365.2,370.06,378.59,385.0,386.14
2003,France,371.42,371.39,371.86,372.36,372.75,373.26,373.56,373.96,374.17,373.97,373.9,373.65
2003,Greenland,374.33,374.33,374.33,374.33,374.33,374.33,374.33,368.44,369.37,374.34,379.06,380.46
2003,Guam,375.09,376.41,376.92,377.82,378.71,378.13,376.81,374.89,373.53,373.88,375.14,376.03
2003,Hungary,393.08,391.88,388.33,381.36,373.81,370.41,370.63,370.71,372.35,380.39,387.88,388.5
2003,Iceland,378.7,379.37,380.08,381.09,380.42,376.71,371.71,367.98,369.49,374.12,378.74,380.94
2003,Ireland,380.02,378.36,380.0,380.89,379.92,376.62,371.83,368.62,369.5,373.41,376.62,378.76
2003,Israel,379.62,379.33,379.76,382.99,382.19,375.97,372.1,371.85,374.27,378.32,380.41,379.87
2003,Japan,372.0,372.04,372.19,372.45,372.69,373.01,373.44,373.98,374.23,374.1,373.99,373.91
2003,Kazakhstan,380.76,381.39,383.58,384.0,380.98,376.49,371.84,371.05,373.55,378.1,382.08,382.46
2003,Kenya,373.33,373.33,373.33,373.33,373.33,373.33,373.33,373.33,373.33,373.33,373.33,373.33
2003,Mongolia,378.96,379.59,381.04,382.37,381.62,377.16,370.9,369.94,373.46,377.2,379.84,380.55
2003,New Zealand,370.52,370.7,371.01,371.93,372.18,371.61,371.93,372.44,372.67,373.45,373.95,373.73
2003,Norway,378.95,379.42,380.63,381.48,380.4,377.32,371.97,367.29,368.82,375.46,379.82,380.51
2003,Norway and Sweden,380.09,380.32,381.46,381.91,381.43,378.88,373.1,367.15,368.0,373.69,378.68,380.92
2003,Peoples Republic of China,375.89,377.07,378.04,379.19,379.51,375.79,372.11,372.49,374.51,375.59,376.48,378.0
2003,Poland,388.37,388.22,388.55,389.01,383.69,380.02,377.78,373.69,372.79,380.55,393.16,392.77
2003,Portugal,376.38,378.03,379.07,379.95,380.05,377.03,372.51,369.9,370.33,373.51,376.07,377.55
2003,Republic of Kiribati,374.74,375.3,375.56,375.88,376.26,376.41,376.15,375.65,375.07,374.7,375.08,376.15
2003,Republic of Korea,380.02,383.6,384.91,385.68,385.71,376.87,369.23,370.22,374.92,378.83,381.1,382.2
2003,Romania,386.9,387.21,387.73,389.37,386.61,376.64,372.95,378.37,384.19,387.47,387.69,385.56
2003,Seychelles,374.76,375.64,376.19,375.58,373.75,373.64,374.61,374.67,374.22,374.25,374.98,375.66
2003,Spain,373.64,373.78,375.21,377.15,377.91,376.99,374.96,372.57,371.58,372.24,374.53,375.62
2003,United Kingdom,374.78,374.88,375.19,375.58,374.89,374.5,374.76,373.93,373.77,375.65,377.1,377.52
2003,United States,378.45,379.33,379.4,379.42,379.42,377.88,374.79,372.59,372.83,375.43,377.65,379.1
2004,Algeria,377.85,378.85,379.89,380.45,380.62,379.53,376.71,373.95,373.02,373.95,376.27,378.79
2004,American Samoa,375.62,375.96,376.02,375.42,375.31,375.85,376.21,376.2,375.99,375.99,376.43,377.09
2004,Argentina,373.35,373.23,373.35,374.02,374.65,374.65,374.65,376.04,376.06,375.7,375.22,374.89
2004,Australia,373.55,373.7,373.83,373.91,374.26,374.66,375.04,375.46,375.56,375.55,375.74,375.68
2004,Barbados,377.24,378.49,379.39,380.17,380.62,379.64,377.7,374.57,372.88,373.96,376.02,377.9
2004,Canada,381.95,382.37,382.52,383.08,383.7,381.61,375.22,368.7,368.73,373.42,378.13,378.13
2004,Finland,387.29,386.8,387.24,385.67,381.85,377.29,369.31,367.41,371.72,378.1,383.4,385.01
2004,France,373.35,373.28,373.6,374.07,374.45,374.9,375.29,375.66,375.82,375.72,375.53,375.35
2004,Greenland,380.07,380.93,382.58,382.8,381.37,378.47,373.88,369.46,369.52,373.84,378.53,381.34
2004,Guam,377.48,377.25,377.25,377.25,380.56,379.43,377.64,376.15,374.57,374.99,376.41,378.0
2004,Hungary,390.94,392.76,388.8,383.44,377.51,370.68,367.77,368.38,372.22,379.86,394.01,397.63
2004,Iceland,381.44,381.48,381.9,382.97,382.1,379.21,374.17,368.87,369.05,374.53,379.19,381.69
2004,Indonesia,372.5,371.32,371.24,376.11,375.5,371.54,372.18,372.52,373.49,375.04,373.06,371.19
2004,Ireland,380.12,381.64,382.3,382.23,381.19,378.59,374.38,369.6,369.94,373.86,377.66,380.4
2004,Israel,380.17,381.49,382.02,381.93,380.62,377.89,374.67,372.58,376.23,379.63,380.61,382.33
2004,Japan,373.85,374.07,374.32,374.43,374.71,375.14,375.51,375.87,376.02,375.96,375.87,375.69
2004,Kazakhstan,383.14,384.05,384.52,383.81,380.38,376.06,372.84,370.81,372.86,378.36,378.68,378.68
2004,Kenya,376.03,378.95,376.84,373.83,374.09,373.07,373.27,374.47,374.35,373.96,374.89,374.89
2004,Mongolia,381.42,382.13,382.58,384.29,382.6,376.57,371.68,370.72,373.09,376.11,379.61,382.89
2004,New Zealand,373.57,373.56,373.68,374.28,374.89,374.91,375.21,375.84,376.48,376.35,375.57,375.3
2004,Norway,381.14,381.83,383.02,383.61,382.3,380.16,374.31,368.39,370.04,375.31,378.99,381.86
2004,Norway and Sweden,381.94,382.76,383.52,383.52,382.83,380.77,374.04,368.37,369.05,373.91,378.94,383.1
2004,Peoples Republic of China,378.69,379.75,382.1,383.44,379.89,374.41,374.5,374.34,374.22,377.74,379.08,380.11
2004,Poland,387.82,389.09,389.18,385.19,382.93,386.04,381.24,372.68,378.42,383.46,383.26,385.58
2004,Portugal,379.3,380.32,380.72,381.21,380.58,378.37,375.7,371.87,370.95,373.56,376.69,377.85
2004,Republic of Kiribati,376.94,377.4,378.64,379.32,378.54,377.87,377.71,376.93,376.3,376.35,376.82,377.69
2004,Republic of Korea,384.2,385.71,385.7,389.53,390.9,383.32,373.82,366.56,371.35,379.13,382.41,385.23
2004,Romania,387.71,390.06,389.0,385.66,382.67,382.02,382.76,384.44,386.86,387.72,396.74,405.12
2004,Seychelles,376.75,377.7,377.78,376.35,374.97,375.33,375.99,376.09,376.09,376.05,375.94,376.79
2004,Spain,376.39,378.89,379.01,378.74,379.36,378.93,376.66,373.29,371.92,373.54,377.09,378.51
2004,United Kingdom,377.45,378.09,378.78,378.29,377.86,377.56,376.33,374.47,374.16,375.92,377.5,378.19
2004,United States,379.92,380.61,381.15,381.24,380.84,378.68,375.15,373.01,374.0,377.3,380.07,380.9
2005,Algeria,379.91,380.67,381.63,382.1,382.46,381.41,379.13,376.87,375.66,376.4,378.78,381.16
2005,American Samoa,377.1,377.24,378.04,377.9,377.21,377.62,378.19,378.35,378.2,378.52,379.19,379.53
2005,Argentina,374.83,375.05,375.56,376.1,376.52,376.46,376.46,376.46,377.88,377.57,377.44,377.23
2005,Australia,375.37,375.31,375.4,375.62,376.21,376.94,377.3,377.55,377.7,377.73,377.78,377.81
2005,Barbados,379.7,380.81,381.39,382.13,382.49,381.39,379.39,377.19,375.46,375.91,378.43,380.36
2005,Canada,379.75,379.75,379.75,385.67,385.58,383.41,377.31,371.35,371.7,376.31,381.83,384.61
2005,Chile,375.54,375.81,375.81,375.37,376.02,376.92,376.92,376.42,376.12,376.6,377.98,378.68
2005,Finland,387.04,387.86,386.28,386.27,384.45,377.24,372.54,374.04,375.25,378.39,384.81,389.22
2005,France,375.38,375.31,375.37,375.71,376.16,376.72,377.24,377.69,377.89,377.91,378.0,377.81
2005,Greenland,383.01,383.26,383.4,384.26,384.54,381.23,375.49,371.48,372.59,376.45,380.9,383.42
2005,Guam,379.82,380.72,381.24,382.06,382.44,381.61,380.11,378.62,377.52,378.07,378.75,379.81
2005,Hungary,392.02,391.26,391.65,386.79,378.53,373.62,372.02,369.99,373.23,384.53,395.81,400.42
2005,Iceland,382.61,382.46,383.07,384.49,384.69,381.54,374.81,370.39,371.71,376.42,380.84,383.21
2005,Indonesia,375.08,380.07,380.2,376.07,372.19,372.58,374.5,374.07,374.17,373.25,371.38,372.79
2005,Ireland,381.28,381.14,382.93,384.74,383.71,380.53,376.63,373.21,373.26,376.86,380.39,383.09
2005,Israel,384.03,385.28,384.55,383.95,382.48,378.18,376.17,375.9,377.26,381.63,385.34,386.49
2005,Japan,375.58,375.69,375.82,376.05,376.43,376.88,377.38,377.72,377.94,378.12,378.04,377.94
2005,Kazakhstan,380.13,380.13,385.55,383.72,379.81,376.12,373.72,374.0,376.12,379.8,384.56,387.87
2005,Kenya,377.19,378.01,379.29,377.81,376.15,376.76,375.4,375.91,377.19,377.19,377.19,378.23
2005,Mongolia,384.29,384.77,384.14,385.14,384.9,378.59,370.76,370.15,375.91,379.99,382.07,383.38
2005,New Zealand,375.32,375.3,375.68,376.4,376.47,376.48,377.44,378.21,377.93,377.48,377.91,378.01
2005,Norway,382.52,382.74,384.18,384.98,384.42,381.31,375.32,370.62,371.66,377.72,381.41,379.72
2005,Norway and Sweden,385.0,384.05,384.31,385.82,385.29,382.35,376.14,370.55,371.11,376.48,381.88,384.52
2005,Peoples Republic of China,383.44,384.12,383.55,384.6,383.91,380.38,375.66,373.38,376.1,379.42,379.72,380.78
2005,Poland,390.09,391.81,383.89,383.89,383.89,381.23,373.69,370.7,376.33,385.96,391.06,394.16
2005,Portugal,377.62,379.5,381.83,383.66,385.01,379.65,379.65,374.09,374.3,378.15,382.66,379.65
2005,Republic of Kiribati,378.6,379.38,379.56,379.55,380.17,380.43,380.02,379.38,378.95,379.06,379.48,380.22
2005,Republic of Korea,385.6,385.87,387.31,390.64,388.59,380.61,377.46,376.83,377.82,383.27,383.4,383.4
2005,Romania,397.52,393.06,395.45,394.25,386.79,379.76,385.88,396.19,390.72,388.23,396.27,398.98
2005,Seychelles,378.33,379.81,379.8,377.47,377.05,378.08,378.32,378.41,378.52,378.66,378.69,379.5
2005,Spain,378.55,380.18,380.92,380.53,380.74,379.06,375.46,374.57,374.54,375.55,378.87,380.88
2005,United Kingdom,378.8,379.39,380.38,380.59,379.98,379.2,378.36,377.11,376.5,378.11,379.84,380.44
2005,United States,381.58,382.39,382.75,383.21,383.22,381.01,377.03,375.58,377.15,379.72,381.54,383.2
2006,Algeria,382.86,383.63,383.85,384.44,385.01,383.6,381.32,379.28,377.83,378.31,380.74,382.68
2006,American Samoa,380.33,380.79,380.16,379.77,379.51,379.45,379.73,379.73,379.78,379.87,380.53,381.18
2006,Argentina,376.56,376.7,377.73,378.05,378.39,379.03,379.41,379.59,379.74,379.8,379.15,378.58
2006,Australia,377.91,377.81,377.75,378.08,378.21,378.27,378.75,379.22,379.39,379.44,379.52,379.41
2006,Barbados,381.76,382.74,383.37,384.25,384.88,383.94,381.3,378.98,378.06,378.96,380.7,382.32
2006,Brazil,380.82,380.82,380.82,380.82,380.82,380.82,380.82,380.82,380.82,380.72,380.82,380.92
2006,Canada,384.97,385.76,386.9,387.6,388.44,386.93,379.7,373.75,374.68,379.25,383.87,387.06
2006,Chile,378.31,378.23,377.95,377.77,377.71,378.1,379.14,379.41,378.54,378.23,378.82,378.79
2006,Finland,387.16,386.42,389.34,389.44,386.0,380.74,374.65,373.49,377.02,382.38,387.97,389.69
2006,France,377.52,377.88,378.05,377.95,378.27,378.67,378.92,379.28,379.53,379.48,379.4,379.36
2006,Germany,382.08,382.08,382.08,384.57,381.68,379.88,378.76,374.96,378.2,382.83,386.84,391.02
2006,Greenland,384.69,385.53,386.12,386.89,386.93,384.49,378.96,374.17,374.68,379.53,384.37,386.16
2006,Guam,381.7,382.89,383.51,384.49,385.16,384.45,382.59,380.29,378.92,379.59,381.49,382.81
2006,Hungary,399.72,396.3,393.18,388.58,381.38,375.5,372.9,370.29,375.94,384.94,391.61,397.82
2006,Iceland,384.36,385.46,386.71,387.6,387.12,384.3,378.76,374.1,374.61,379.62,383.83,386.25
2006,Indonesia,378.02,380.58,376.82,374.9,376.68,376.64,375.75,375.83,377.25,380.43,379.7,376.15
2006,Ireland,385.93,386.37,386.02,386.71,387.02,384.1,378.35,373.44,374.07,379.08,383.2,385.61
2006,Israel,385.56,385.42,386.56,387.45,385.73,380.62,377.78,378.17,379.32,382.67,385.77,387.76
2006,Italy,383.81,383.81,383.81,383.81,383.81,383.81,383.81,383.81,383.81,381.63,383.99,385.81
2006,Japan,377.87,377.8,377.9,378.18,378.45,378.65,379.06,379.43,379.55,379.61,379.58,379.5
2006,Kazakhstan,389.1,388.1,387.36,385.62,381.69,378.41,375.55,374.4,378.6,384.03,387.12,388.91
2006,Kenya,379.67,381.99,381.45,378.54,378.57,380.02,378.6,379.83,379.83,379.83,379.83,379.83
2006,Mongolia,385.57,387.4,389.14,390.57,388.06,381.08,374.64,373.91,378.63,382.39,385.12,387.28
2006,New Zealand,377.07,376.97,377.38,377.83,378.75,378.84,378.86,379.48,379.79,379.7,379.33,379.61
2006,Norway,385.12,386.93,387.68,387.47,386.76,384.28,378.67,373.69,374.79,379.33,384.33,387.55
2006,Norway and Sweden,384.58,385.61,387.26,388.01,387.76,385.14,379.1,373.87,373.89,379.52,385.1,387.81
2006,Peoples Republic of China,382.61,383.27,385.07,386.9,385.3,381.28,377.68,377.6,379.51,381.0,381.65,383.4
2006,Poland,395.5,393.41,392.66,392.86,389.23,382.23,376.26,375.93,381.85,385.47,390.67,393.94
2006,Portugal,380.18,380.18,380.18,380.18,384.61,383.32,379.5,375.34,375.22,378.24,381.56,383.69
2006,Republic of Kiribati,381.15,381.71,382.62,383.39,382.25,381.22,381.4,381.09,380.63,380.53,380.84,381.67
2006,Republic of Korea,388.06,389.26,390.56,392.78,392.02,387.22,380.44,376.86,380.47,386.33,388.53,389.66
2006,Romania,398.96,398.56,396.47,394.57,395.48,391.44,384.41,386.89,390.01,392.96,400.88,403.79
2006,Seychelles,381.23,382.1,381.57,380.1,379.12,379.18,379.74,380.1,380.25,380.16,380.41,381.27
2006,Spain,382.29,383.07,382.89,383.24,383.42,382.09,379.7,378.25,378.11,379.11,380.58,381.81
2006,Taiwan,377.16,377.16,377.16,377.16,377.16,377.16,377.16,376.87,374.65,375.98,379.4,378.92
2006,United Kingdom,381.12,381.88,382.18,382.23,381.93,381.44,380.24,378.5,378.48,380.24,381.79,382.32
2006,United States,384.15,385.01,385.29,385.66,385.38,383.21,380.09,377.72,378.54,381.99,383.98,384.98
2007,Algeria,383.82,385.28,386.23,386.37,386.51,385.88,383.39,380.8,379.79,380.59,382.89,385.06
2007,American Samoa,381.17,381.91,382.47,381.72,381.51,381.88,382.11,382.04,381.86,382.46,383.08,383.49
2007,Argentina,379.04,379.32,379.54,380.11,380.7,381.3,381.98,382.05,381.72,381.71,381.38,381.08
2007,Australia,379.24,379.27,379.45,379.65,380.06,380.4,380.8,381.27,381.5,381.6,381.65,381.65
2007,Barbados,383.55,384.5,385.87,386.43,386.3,385.57,382.95,380.25,379.61,380.55,382.08,384.04
2007,Brazil,381.02,381.09,380.99,380.89,381.15,381.82,382.26,382.19,382.34,381.53,381.53,381.53
2007,Canada,388.75,389.12,389.61,389.8,389.44,387.6,380.38,373.23,374.52,380.33,385.09,388.84
2007,Chile,378.77,378.62,378.39,379.99,381.67,380.83,380.34,380.1,380.12,380.87,381.42,382.1
2007,Finland,390.16,392.61,391.44,389.33,388.36,383.66,376.78,373.65,377.18,383.47,390.41,393.17
2007,France,379.27,379.25,379.48,379.9,380.28,380.6,381.03,381.52,381.75,381.7,381.55,381.5
2007,Germany,392.39,392.54,390.19,384.55,381.49,381.4,381.28,378.68,381.94,391.21,391.28,390.85
2007,Greenland,386.86,387.71,388.45,388.42,387.36,384.71,379.15,375.11,376.04,380.92,385.05,386.86
2007,Guam,383.51,384.62,383.72,383.72,386.07,386.07,384.83,383.0,381.41,381.26,382.72,383.72
2007,Hungary,397.78,394.48,390.82,386.07,381.45,380.06,377.92,373.41,377.52,390.83,397.23,401.13
2007,Iceland,387.09,388.01,388.92,388.9,388.22,385.04,378.95,374.42,375.89,380.81,384.91,387.45
2007,Indonesia,378.0,377.76,375.55,375.23,374.91,378.29,380.4,377.09,374.58,375.53,376.85,378.22
2007,Ireland,386.8,387.15,387.91,388.25,387.46,384.91,378.87,374.08,375.23,380.45,384.45,387.13
2007,Israel,387.96,387.66,388.46,388.33,386.74,383.97,382.34,381.44,381.16,384.39,388.01,389.4
2007,Italy,386.36,386.97,387.89,387.32,386.41,383.74,380.49,380.52,381.59,383.4,386.46,388.83
2007,Japan,379.42,379.34,379.48,379.92,380.27,380.56,380.99,381.42,381.79,381.97,381.93,381.93
2007,Kazakhstan,389.31,389.72,389.17,386.02,382.86,380.91,378.76,377.69,380.88,384.73,387.48,390.71
2007,Mongolia,388.19,388.59,388.99,389.38,388.5,382.03,374.76,376.3,381.95,384.35,385.76,386.97
2007,Namibia,380.67,380.29,380.51,380.76,380.47,381.77,383.16,382.69,383.57,381.64,381.64,382.51
2007,New Zealand,380.07,379.72,379.62,380.45,380.99,380.89,380.94,381.25,381.45,381.55,381.34,381.45
2007,Norway,387.71,387.67,388.74,389.08,388.13,384.24,377.97,373.68,375.3,380.38,385.93,388.81
2007,Norway and Sweden,388.15,388.37,389.17,389.6,388.58,385.77,378.68,372.85,375.26,380.71,385.97,388.85
2007,Peoples Republic of China,384.78,385.53,387.28,388.91,387.3,385.25,381.47,377.53,380.34,383.1,383.41,385.58
2007,Poland,391.22,393.42,394.17,390.13,388.57,386.54,383.41,380.04,381.62,385.71,389.85,394.77
2007,Portugal,385.84,386.54,386.49,387.19,386.32,384.18,379.45,375.49,377.23,381.21,384.09,386.17
2007,Republic of Kiribati,382.54,383.25,384.09,384.37,384.02,384.02,384.02,383.38,382.85,383.03,383.46,383.98
2007,Republic of Korea,392.94,396.99,396.19,392.59,391.98,388.13,384.5,384.71,383.55,385.12,388.6,391.01
2007,Romania,397.68,394.96,396.64,398.57,399.63,390.36,380.11,386.79,392.49,389.69,392.44,399.9
2007,Seychelles,382.37,382.76,381.37,380.66,381.51,381.86,381.97,382.22,382.16,382.15,382.57,383.8
2007,Spain,382.31,384.26,386.24,385.52,384.96,383.9,382.06,380.12,379.07,380.93,383.12,384.44
2007,Taiwan,378.95,383.02,387.8,387.16,383.84,384.76,380.26,376.9,378.15,374.92,376.09,381.67
2007,United Kingdom,383.32,384.24,384.29,384.52,384.09,383.01,382.24,380.96,380.66,382.04,383.64,384.16
2007,United States,386.52,387.2,387.33,387.84,387.13,384.27,380.66,378.87,380.39,383.41,385.9,387.4
2008,Algeria,386.68,387.32,387.68,388.34,385.28,385.28,385.7,382.33,381.54,382.44,384.22,386.57
2008,American Samoa,384.17,384.22,383.74,383.69,384.12,384.07,383.66,383.73,383.82,383.97,384.59,385.31
2008,Argentina,381.56,382.45,382.76,382.58,382.45,383.26,384.23,383.88,383.74,383.75,383.26,382.93
2008,Australia,381.69,381.81,381.8,381.79,381.92,382.36,382.93,383.31,383.54,383.62,383.5,383.51
2008,Barbados,385.68,387.07,388.26,388.74,385.3,385.3,385.3,382.62,381.89,382.79,384.37,386.25
2008,Brazil,384.23,384.23,383.02,382.64,382.83,383.83,384.34,384.2,384.77,385.46,385.64,385.56
2008,Canada,389.31,394.2,394.71,393.59,391.64,385.47,377.69,375.36,378.58,385.94,391.86,393.9
2008,Chile,382.86,382.77,382.37,382.01,382.13,382.58,382.37,382.6,382.84,382.68,383.32,384.03
2008,Finland,392.11,393.53,395.55,393.72,390.9,386.38,380.09,376.05,378.98,385.06,391.1,393.92
2008,France,381.56,381.61,381.78,381.96,382.08,382.48,383.12,383.45,383.55,383.55,383.51,383.43
2008,Germany,397.28,399.87,398.28,392.77,386.47,384.52,386.6,383.42,384.34,383.45,392.32,396.04
2008,Greenland,388.8,390.25,390.71,390.99,390.78,387.77,381.86,377.79,377.9,382.15,386.81,389.48
2008,Guam,385.3,385.3,385.3,385.3,388.98,388.06,386.12,383.82,382.2,382.58,384.56,386.11
2008,Hungary,402.9,398.2,394.9,389.63,380.77,376.7,376.06,375.37,382.4,394.74,399.44,400.51
2008,Iceland,389.5,390.89,391.71,391.95,390.58,387.04,382.1,377.73,377.71,382.22,387.04,389.42
2008,Indonesia,379.73,379.33,380.53,381.69,381.12,380.42,379.04,379.32,379.39,378.13,375.54,376.35
2008,Ireland,389.5,390.24,390.73,391.4,390.99,387.38,381.63,377.8,377.69,382.05,386.19,388.85
2008,Israel,389.91,389.75,389.94,390.98,389.46,385.69,382.74,381.68,383.66,387.38,389.72,390.15
2008,Italy,389.7,389.05,389.09,389.64,388.99,387.4,383.46,381.0,382.38,384.15,386.38,388.38
2008,Japan,381.92,381.86,382.0,382.15,382.2,382.51,383.05,383.44,383.67,383.77,383.64,383.53
2008,Kazakhstan,392.05,393.0,392.98,390.84,387.56,383.56,380.89,380.03,382.56,386.34,389.44,392.52
2008,Kenya,382.2,382.2,382.2,382.2,382.2,382.2,382.2,382.2,384.14,382.6,380.09,381.99
2008,Mongolia,388.72,389.69,391.24,393.69,390.99,384.59,379.27,378.45,381.46,385.61,388.56,390.48
2008,Namibia,382.47,384.48,384.48,384.48,384.48,384.09,386.09,385.35,384.31,384.15,384.43,384.95
2008,New Zealand,381.8,381.45,381.11,382.13,383.17,383.05,383.0,382.56,382.54,383.11,382.47,381.36
2008,Norway,389.99,390.84,391.82,392.0,390.58,387.83,381.66,376.64,377.57,381.76,387.11,390.29
2008,Norway and Sweden,389.91,391.09,392.51,392.87,392.12,388.98,382.77,377.0,376.97,382.1,387.2,390.08
2008,Peoples Republic of China,387.42,387.99,389.56,390.82,389.17,384.63,381.13,381.29,383.52,385.26,386.04,386.56
2008,Poland,396.02,394.56,394.7,395.22,392.4,388.19,382.03,377.57,379.14,385.92,392.57,393.5
2008,Portugal,386.89,386.98,388.61,390.02,389.52,386.39,382.23,380.12,379.45,385.58,385.58,385.58
2008,Republic of Kiribati,384.86,385.22,385.47,386.27,386.03,385.47,385.54,385.14,384.49,384.47,385.06,385.8
2008,Republic of Korea,391.77,392.66,396.73,398.96,395.28,390.05,386.02,388.05,392.87,390.74,389.32,391.58
2008,Romania,399.9,398.77,398.18,391.6,397.25,400.84,385.96,382.41,388.17,394.47,398.25,402.12
2008,Seychelles,385.54,386.5,385.64,383.67,382.79,383.26,383.71,384.07,384.17,383.84,384.24,385.85
2008,Spain,385.75,387.07,387.67,388.25,388.89,387.81,385.45,382.47,381.06,382.58,384.92,387.09
2008,Taiwan,384.16,386.17,387.1,386.35,385.18,383.29,379.03,375.95,378.21,379.51,379.76,385.55
2008,United Kingdom,384.56,385.42,385.82,385.9,385.69,385.37,384.94,383.65,382.66,383.75,385.38,385.6
2008,United States,388.61,389.23,389.69,390.31,389.52,386.95,383.62,380.91,381.08,384.46,387.56,389.35
2009,Algeria,388.38,389.14,389.79,390.56,390.63,389.64,386.95,384.06,383.07,384.26,386.02,387.84
2009,American Samoa,385.36,385.6,386.24,385.67,385.05,385.09,385.24,385.47,385.4,385.46,385.91,386.22
2009,Argentina,382.91,383.25,383.51,383.85,384.26,384.47,384.9,385.1,385.44,385.56,384.99,384.54
2009,Australia,383.96,383.89,383.33,383.33,383.64,383.86,384.34,384.8,385.01,385.09,385.08,385.1
2009,Barbados,387.46,388.15,388.79,389.77,390.53,389.74,387.13,384.35,383.37,383.9,385.74,387.78
2009,Brazil,384.85,385.28,386.19,385.2,384.39,385.18,385.67,386.08,386.2,386.18,386.59,386.81
2009,Canada,393.74,393.74,395.54,396.78,393.88,388.4,381.04,385.0,385.26,387.52,389.92,391.82
2009,Chile,383.92,383.67,384.03,384.33,384.2,383.89,383.93,384.2,384.59,384.75,384.15,384.15
2009,Finland,393.75,396.14,395.62,393.15,392.59,388.84,380.47,377.61,381.55,387.49,393.76,396.99
2009,France,383.06,382.98,383.33,383.58,383.69,383.97,384.67,385.3,384.04,384.04,385.01,384.78
2009,Germany,395.06,396.6,396.36,392.2,387.0,383.66,381.72,379.74,382.4,388.96,393.23,395.07
2009,Greenland,390.49,391.18,392.15,392.72,392.22,389.03,382.51,378.26,378.85,382.84,387.9,389.77
2009,Guam,386.78,387.76,389.01,389.47,389.88,389.76,387.83,386.2,385.55,384.84,385.55,387.35
2009,Hungary,402.62,400.52,397.5,391.63,385.73,381.79,376.52,375.87,380.06,391.91,402.41,406.8
2009,Iceland,390.91,391.67,392.42,393.06,392.55,389.76,391.73,391.73,391.73,391.73,391.73,391.73
2009,Indonesia,381.02,381.92,381.99,382.82,381.75,381.7,382.64,381.39,380.05,381.83,382.57,382.69
2009,Ireland,390.22,390.7,391.76,392.55,391.79,388.67,383.06,378.16,379.45,384.5,388.35,389.87
2009,Israel,391.15,392.62,392.15,391.79,390.17,386.93,383.68,381.75,385.56,389.84,391.12,391.36
2009,Italy,390.02,392.34,392.58,390.11,389.22,388.04,384.41,382.67,383.22,386.1,388.88,390.34
2009,Japan,383.46,383.29,383.34,383.55,383.72,383.96,384.3,384.72,385.09,385.27,385.25,385.18
2009,Kazakhstan,393.21,392.91,392.38,390.83,387.95,384.09,380.92,379.96,387.78,387.78,387.78,387.78
2009,Kenya,385.38,385.58,384.1,384.51,386.17,387.06,386.24,385.09,385.37,384.92,382.52,382.67
2009,Mexico,386.71,387.65,387.6,388.75,391.08,389.17,385.28,383.23,382.16,382.03,384.59,387.16
2009,Mongolia,391.89,392.23,392.94,393.69,389.67,383.84,379.84,379.5,384.06,387.69,390.53,393.97
2009,Namibia,384.17,383.56,383.81,384.15,384.73,385.16,385.87,386.52,386.44,385.8,385.54,385.86
2009,New Zealand,381.89,382.93,383.25,383.46,383.66,383.67,384.24,384.72,384.72,385.04,383.76,383.76
2009,Norway,391.17,392.04,392.78,392.79,392.17,389.19,382.2,377.26,378.31,384.79,390.0,387.52
2009,Norway and Sweden,392.54,393.59,393.68,393.49,393.2,390.78,382.94,376.71,377.77,383.41,389.64,392.42
2009,Peoples Republic of China,391.86,392.45,393.56,394.66,393.61,390.95,389.58,389.02,381.62,389.75,396.8,398.21
2009,Poland,395.81,399.72,398.86,395.47,391.17,386.88,382.85,378.83,380.1,390.67,399.94,399.9
2009,Portugal,389.08,390.01,389.34,390.37,390.45,388.02,388.04,388.04,380.34,384.47,388.19,390.13
2009,Republic of Kiribati,386.49,387.63,388.56,388.21,387.7,387.73,387.35,387.35,387.35,386.15,386.45,387.24
2009,Republic of Korea,393.07,394.76,396.77,398.3,394.31,388.08,381.45,377.01,385.01,390.93,390.38,392.76
2009,Romania,405.45,405.03,404.67,396.42,395.76,408.4,409.39,399.25,395.84,399.31,401.48,403.8
2009,Seychelles,386.99,387.63,387.86,385.77,384.45,384.92,385.14,385.47,385.63,385.53,386.26,387.4
2009,Spain,388.56,388.48,388.56,389.12,389.09,388.82,386.8,383.7,383.38,386.15,389.06,391.52
2009,Taiwan,386.73,385.2,387.9,389.27,388.59,386.37,384.61,384.96,380.57,376.63,381.43,386.71
2009,United Kingdom,385.92,386.31,386.04,386.46,386.74,386.3,385.9,385.06,384.68,385.52,386.38,386.87
2009,United States,390.09,390.47,390.19,390.54,390.86,388.29,384.74,381.64,382.33,386.64,389.24,390.84
2010,Algeria,389.25,390.18,391.23,392.25,392.93,391.87,388.39,386.01,385.77,386.35,388.38,390.92
2010,American Samoa,386.64,387.34,387.34,387.74,387.74,387.78,387.88,387.87,387.63,387.69,388.26,388.99
2010,Argentina,384.1,383.75,384.49,385.28,385.69,386.48,387.07,387.28,387.26,387.02,386.91,386.66
2010,Australia,384.98,384.74,384.7,384.85,385.21,385.72,386.32,387.03,387.39,387.4,387.35,387.06
2010,Barbados,389.51,390.85,391.74,392.54,392.81,391.65,389.39,387.2,386.95,387.43,388.64,390.32
2010,Brazil,389.48,389.48,389.48,389.48,389.48,389.48,389.48,389.48,388.91,389.59,389.81,389.6
2010,Canada,391.32,391.52,391.84,392.36,393.6,389.07,383.34,381.9,385.79,390.34,393.64,395.78
2010,Chile,385.34,385.98,385.1,384.56,386.21,386.21,386.21,387.07,386.76,386.74,386.9,387.47
2010,Finland,397.49,397.59,397.47,396.62,394.56,389.79,381.29,380.16,386.91,392.21,394.87,397.85
2010,France,384.68,384.35,384.37,384.76,385.1,385.7,386.47,387.24,387.49,387.42,387.25,386.9
2010,Germany,397.92,400.62,398.12,393.94,391.24,389.4,385.18,381.16,384.17,394.4,401.33,398.97
2010,Greenland,391.41,393.35,393.77,394.09,393.6,390.35,385.38,382.06,383.23,387.46,392.08,394.09
2010,Guam,389.58,390.72,390.98,392.18,392.58,391.49,390.02,387.9,386.52,387.42,388.56,389.45
2010,Hungary,411.91,408.45,399.67,393.73,387.58,382.75,379.39,378.1,385.23,396.21,403.83,405.43
2010,Indonesia,384.11,384.56,384.74,384.88,381.71,380.38,384.05,384.63,382.42,382.2,383.42,384.42
2010,Ireland,391.06,392.31,393.62,393.87,392.13,389.57,385.38,380.88,382.57,387.29,391.31,393.4
2010,Israel,392.15,393.47,395.16,396.64,394.23,389.15,387.16,387.72,388.99,391.31,392.5,393.6
2010,Italy,391.65,392.96,394.16,394.43,391.23,387.38,385.7,385.08,386.66,389.79,392.33,394.5
2010,Japan,384.87,384.53,384.62,384.86,385.21,385.75,386.35,387.05,387.47,387.51,387.39,387.08
2010,Kenya,386.39,388.66,387.49,385.92,386.58,385.65,384.73,385.15,385.42,386.2,386.1,386.21
2010,Mexico,388.76,389.75,390.45,391.63,392.06,391.36,389.59,387.4,386.24,386.59,388.41,389.51
2010,Mongolia,394.41,395.25,395.73,395.49,395.24,390.66,385.25,384.42,388.88,392.07,393.38,395.84
2010,Namibia,385.52,385.44,385.96,386.3,386.14,387.21,389.13,389.06,387.99,387.89,387.69,387.96
2010,New Zealand,386.14,386.14,384.57,385.24,385.82,385.74,386.07,386.89,387.28,387.54,386.14,386.14
2010,Norway and Sweden,393.35,394.81,395.65,395.41,394.27,391.91,385.72,380.53,383.11,390.93,390.93,394.54
2010,Peoples Republic of China,394.28,396.78,398.78,396.54,396.62,395.06,387.65,380.56,387.26,395.62,396.16,394.58
2010,Poland,399.02,400.3,399.83,397.49,394.61,390.11,386.96,385.73,385.2,392.5,400.89,402.34
2010,Portugal,391.45,392.32,391.88,391.88,391.88,391.88,391.88,391.88,391.88,391.88,391.88,391.88
2010,Republic of Kiribati,388.58,390.16,390.46,389.49,389.06,389.19,389.22,388.62,388.09,388.33,389.11,389.83
2010,Republic of Korea,394.65,395.85,398.09,399.75,398.97,394.75,394.67,396.35,393.3,392.68,396.52,398.51
2010,Romania,407.11,409.0,404.23,398.65,404.43,416.18,416.65,408.74,402.97,404.18,409.4,408.91
2010,Seychelles,388.39,389.11,389.34,388.15,386.73,386.88,387.48,387.55,387.59,388.2,389.02,389.89
2010,Spain,392.67,393.42,393.59,391.63,390.1,389.77,387.9,385.96,386.63,388.79,391.86,395.09
2010,Taiwan,390.14,390.48,393.02,394.41,394.4,390.21,385.28,383.7,386.71,389.86,391.21,392.53
2010,United Kingdom,387.4,388.15,388.35,388.09,388.09,388.21,387.76,386.39,386.54,388.46,389.45,389.43
2010,United States,392.46,392.76,392.89,393.44,392.93,390.19,386.67,385.5,386.98,389.96,392.67,393.97
2011,Algeria,391.99,392.69,394.21,395.02,394.77,393.78,391.48,388.82,388.12,388.65,390.41,392.7
2011,American Samoa,389.48,389.33,388.74,388.73,389.14,388.97,389.29,389.88,389.78,389.98,390.36,390.58
2011,Argentina,386.07,386.06,386.79,387.36,387.84,388.44,387.09,387.09,387.09,387.09,387.09,387.09
2011,Australia,386.96,386.95,387.0,387.19,387.31,387.74,388.2,388.57,389.02,389.1,388.95,388.87
2011,Barbados,391.66,392.54,393.21,394.48,395.12,393.82,391.68,389.52,388.02,388.27,390.03,391.58
2011,Brazil,389.18,388.96,389.18,388.96,389.48,390.35,390.36,391.13,391.09,390.56,390.64,390.67
2011,Canada,396.7,399.63,401.84,399.16,396.6,391.49,384.38,381.24,384.42,391.34,397.8,400.26
2011,Chile,388.14,388.54,388.0,386.57,386.27,387.3,388.13,388.87,388.95,389.12,389.24,389.08
2011,Finland,399.52,399.91,400.06,399.32,396.94,391.24,385.1,388.21,392.07,391.06,393.88,400.48
2011,France,386.75,386.81,386.88,387.06,387.28,387.58,388.03,388.56,388.95,388.99,388.84,388.74
2011,Germany,398.61,402.7,400.35,393.46,391.03,389.4,385.44,382.33,384.71,393.14,397.39,398.45
2011,Greenland,395.18,396.22,396.73,397.16,397.2,393.63,387.23,382.26,383.05,388.39,393.47,396.03
2011,Guam,391.14,392.52,393.04,393.97,394.89,394.12,392.32,391.06,389.85,389.16,390.16,392.39
2011,Hungary,407.47,407.65,402.71,396.5,389.89,384.34,381.36,381.29,384.99,400.26,420.03,413.4
2011,Indonesia,386.29,385.41,385.85,385.85,385.85,385.85,385.85,385.85,385.85,385.85,385.85,385.85
2011,Ireland,394.2,395.77,396.7,396.27,395.92,393.59,387.77,382.39,383.36,389.11,393.96,396.04
2011,Israel,395.91,396.52,397.38,397.56,394.53,390.83,388.05,386.2,387.75,393.03,399.49,400.66
2011,Italy,395.26,395.48,397.77,396.81,394.06,393.79,389.86,386.07,387.43,390.87,393.29,394.4
2011,Japan,386.78,386.82,386.89,387.0,387.28,387.66,388.09,388.53,388.85,389.02,389.05,389.03
2011,Mexico,390.29,391.53,392.29,393.96,395.57,393.78,390.77,387.91,385.88,387.15,389.19,391.17
2011,Mongolia,396.71,397.63,398.87,399.51,396.98,387.78,382.31,384.94,388.36,391.54,394.27,397.12
2011,Namibia,388.03,389.88,389.88,389.88,389.88,389.88,389.88,391.46,390.18,389.72,389.93,389.95
2011,New Zealand,387.24,387.37,387.59,388.02,387.59,387.3,388.15,388.87,389.02,389.01,388.95,388.77
2011,Norway and Sweden,395.79,396.62,397.3,397.69,397.65,395.28,387.69,380.57,383.04,389.86,394.07,396.93
2011,Peoples Republic of China,395.04,396.53,398.51,398.52,397.2,391.12,385.9,387.1,393.46,401.95,398.85,395.97
2011,Poland,399.42,399.85,401.12,397.77,396.18,395.3,398.27,398.27,398.27,398.27,398.27,398.27
2011,Republic of Kiribati,390.25,390.65,391.03,391.38,392.01,392.43,391.83,390.94,390.59,390.73,391.06,391.56
2011,Republic of Korea,398.87,399.94,401.0,404.07,405.65,397.22,389.03,391.34,393.64,397.97,400.94,399.65
2011,Romania,406.54,405.65,402.92,409.86,420.62,410.73,407.81,407.58,396.7,399.43,409.07,412.75
2011,Russia,391.34,391.34,391.34,391.34,391.34,391.34,391.34,380.6,384.27,391.98,399.3,400.57
2011,Seychelles,390.82,391.61,390.44,388.07,387.92,389.19,389.94,389.97,389.88,390.08,390.5,391.02
2011,Spain,396.47,396.36,395.9,394.31,393.46,393.49,391.82,389.32,387.66,389.72,394.01,396.15
2011,Taiwan,395.0,396.52,397.02,397.57,394.52,389.86,388.59,386.24,384.46,388.67,390.72,390.92
2011,United Kingdom,389.55,389.58,389.9,390.54,390.77,390.14,389.4,388.99,388.73,389.37,390.25,390.42
2011,United States,394.46,394.76,395.29,396.03,395.36,392.66,389.59,387.61,388.05,390.95,394.05,395.34
2012,Algeria,394.25,395.79,396.47,396.48,396.5,395.83,393.27,390.71,390.32,391.09,392.97,394.98
2012,American Samoa,391.27,391.75,391.64,391.17,391.04,391.42,391.36,391.32,391.63,392.09,392.6,393.0
2012,Australia,388.76,388.73,388.77,388.97,389.21,389.63,390.26,390.9,391.25,391.27,391.12,391.03
2012,Barbados,393.12,394.4,395.34,396.1,396.57,395.79,393.07,390.88,390.18,390.8,392.75,394.67
2012,Brazil,390.88,390.73,390.94,392.76,393.61,393.46,393.46,393.02,393.17,393.41,393.68,394.18
2012,Canada,401.04,401.88,402.02,401.46,400.63,395.58,387.24,386.42,392.21,397.64,402.73,406.7
2012,Chile,389.34,389.98,390.03,389.7,389.96,390.58,390.87,390.68,390.78,391.41,391.73,391.76
2012,Finland,404.27,402.16,399.85,400.41,399.25,393.56,385.1,382.67,388.22,394.53,401.83,404.92
2012,France,388.34,388.12,388.6,389.04,389.26,389.79,390.49,391.01,391.25,391.21,391.23,391.18
2012,Germany,403.34,404.66,400.38,397.5,394.3,389.37,383.74,382.63,388.21,394.68,401.02,401.49
2012,Greenland,397.31,397.78,398.14,398.81,398.12,394.47,388.93,385.14,386.09,390.84,394.9,397.14
2012,Guam,393.85,394.02,395.12,397.04,396.7,394.89,392.28,389.41,389.79,392.07,394.36,395.65
2012,Hungary,405.85,408.12,403.13,398.03,391.12,384.16,385.29,388.27,392.61,401.51,409.94,412.83
2012,Indonesia,392.6,392.6,392.6,392.6,392.6,392.6,392.6,392.6,392.6,392.6,392.6,392.6
2012,Ireland,396.03,396.07,397.86,398.9,397.36,394.25,388.42,384.35,386.15,391.24,395.28,397.81
2012,Israel,398.39,398.47,398.87,399.29,397.53,394.09,391.66,390.04,391.25,397.3,398.95,398.74
2012,Italy,396.31,398.42,398.39,398.07,396.25,392.05,389.15,389.35,391.69,394.22,396.96,398.62
2012,Japan,388.8,388.49,388.61,388.93,389.17,389.6,390.25,390.89,391.29,391.31,391.25,391.32
2012,Mexico,392.41,393.06,394.1,395.32,396.28,394.92,391.07,388.59,388.98,390.29,391.67,393.72
2012,Mongolia,399.45,399.9,399.74,397.23,391.5,389.59,390.42,392.3,394.92,397.04,400.18,401.4
2012,Namibia,389.61,389.35,389.65,390.81,391.16,391.28,391.98,391.95,391.87,392.08,392.64,392.79
2012,New Zealand,388.93,388.87,388.46,388.66,389.33,390.11,390.76,391.06,391.08,390.93,390.87,391.21
2012,Norway and Sweden,397.99,399.1,400.02,399.98,399.67,396.43,388.61,383.23,385.64,391.44,396.28,398.78
2012,Peoples Republic of China,401.3,403.9,404.64,403.84,399.92,395.32,389.25,384.86,390.42,396.52,399.44,405.06
2012,Portugal,391.32,391.32,391.32,391.32,397.29,393.55,387.83,385.93,387.97,391.46,395.23,391.32
2012,Republic of Kiribati,392.49,393.77,394.49,394.06,393.13,392.71,392.48,392.47,392.84,393.42,393.75,394.19
2012,Republic of Korea,400.08,403.79,406.86,407.61,405.11,397.76,396.27,396.76,395.04,399.18,402.86,404.22
2012,Russia,399.2,399.24,399.63,401.25,401.34,395.13,384.69,382.84,389.21,396.27,401.49,401.77
2012,Seychelles,392.41,394.04,394.69,392.79,390.27,390.45,391.48,391.71,391.59,391.81,392.84,393.69
2012,South Africa,391.0,391.0,391.0,391.0,391.0,391.0,391.0,391.0,391.0,390.86,390.97,391.16
2012,Spain,396.75,396.71,397.78,397.84,395.21,393.86,391.87,391.44,392.78,393.81,395.84,396.71
2012,Taiwan,393.49,394.64,395.04,395.64,395.1,392.74,390.64,390.28,390.72,392.74,397.2,399.6
2012,United Kingdom,390.92,390.88,392.13,392.49,392.12,391.62,391.92,391.16,390.59,391.66,392.81,393.03
2012,United States,395.83,396.5,396.72,396.73,396.32,394.33,390.9,388.99,390.7,393.97,396.09,396.92
2013,Algeria,396.17,396.17,396.17,399.39,399.57,398.59,395.54,392.69,392.28,393.67,395.85,397.92
2013,American Samoa,394.18,394.79,394.34,394.78,394.65,393.95,394.37,394.73,394.53,394.53,394.92,395.73
2013,Australia,391.15,391.5,391.76,391.89,392.24,392.72,393.26,393.7,393.84,393.9,393.8,393.73
2013,Barbados,395.96,397.03,398.13,399.01,399.61,398.87,396.07,393.35,392.19,393.01,395.03,397.3
2013,Brazil,393.78,393.29,393.98,395.01,395.01,394.52,394.8,395.31,395.43,395.73,395.96,396.25
2013,Canada,408.69,408.98,409.12,409.48,409.94,409.12,405.78,402.64,402.78,405.38,407.92,409.48
2013,Chile,392.12,392.38,392.32,392.24,392.92,393.73,393.76,393.71,394.12,394.54,394.53,394.78
2013,Finland,403.55,403.27,403.24,404.17,399.42,392.12,390.04,391.0,394.91,396.58,399.0,403.6
2013,France,390.84,390.65,391.12,391.91,392.41,392.89,393.43,393.78,394.03,394.14,394.03,393.74
2013,Germany,403.1,408.96,409.07,404.36,397.99,390.86,388.49,388.78,390.67,397.4,401.1,402.24
2013,Greenland,399.26,400.23,400.87,401.99,401.68,398.78,392.9,388.19,389.25,393.89,397.8,400.93
2013,Guam,396.68,397.21,397.86,399.24,399.76,398.93,397.8,395.82,394.07,394.38,395.9,397.05
2013,Hungary,413.8,413.04,410.3,403.17,392.56,386.8,387.76,389.87,391.8,399.75,406.48,414.1
2013,Indonesia,395.67,394.96,393.99,394.27,392.37,396.18,405.88,403.91,393.86,391.71,393.01,392.26
2013,Ireland,398.72,399.0,400.8,402.07,401.27,398.94,392.92,387.54,389.06,394.27,397.74,400.32
2013,Israel,401.51,401.02,400.94,401.63,399.15,395.08,390.54,389.93,393.23,398.01,400.51,402.65
2013,Italy,399.99,401.79,401.54,400.24,399.28,396.38,392.31,391.18,393.15,395.35,397.79,399.86
2013,Japan,391.43,391.37,391.28,391.54,392.01,392.47,392.93,393.53,393.95,393.94,393.88,393.87
2013,Mexico,395.18,395.58,396.5,398.83,400.03,397.36,394.77,393.86,392.48,391.36,393.6,396.44
2013,Mongolia,401.74,401.67,400.97,402.34,403.92,398.92,390.9,389.2,392.89,399.04,402.56,402.79
2013,Namibia,392.41,392.67,393.32,393.71,393.66,394.54,395.45,395.23,395.4,395.19,394.93,394.96
2013,New Zealand,391.33,390.96,391.38,392.42,392.73,392.6,393.35,394.21,394.08,393.92,393.69,393.59
2013,Norway and Sweden,401.03,401.89,401.7,402.22,401.81,398.78,392.75,387.36,388.46,393.55,399.35,402.25
2013,Peoples Republic of China,403.15,399.07,400.78,404.5,406.13,400.5,393.08,390.34,396.86,400.42,398.24,401.37
2013,Portugal,397.01,397.01,397.01,400.59,400.54,397.54,393.97,392.96,393.48,395.91,398.1,399.96
2013,Republic of Kiribati,395.87,395.87,395.87,395.87,395.87,396.94,396.6,395.87,395.11,394.85,395.36,396.36
2013,Republic of Korea,406.94,406.47,406.58,409.32,410.72,408.35,405.4,404.34,405.18,405.1,404.97,406.88
2013,Russia,401.63,404.01,403.74,403.01,404.03,400.78,391.39,386.34,391.53,398.85,402.33,405.17
2013,Seychelles,394.88,396.26,395.66,393.58,392.68,393.5,394.03,394.32,394.75,395.02,395.2,396.28
2013,South Africa,391.62,391.62,391.57,392.01,392.23,392.62,393.26,393.58,393.64,393.68,393.64,393.72
2013,Spain,397.31,399.38,399.86,398.82,397.1,396.76,396.55,392.91,392.83,396.46,398.38,400.74
2013,Taiwan,398.24,397.3,399.74,401.53,398.85,396.74,396.3,394.02,393.37,395.37,398.87,402.24
2013,United Kingdom,393.68,394.48,394.75,394.99,394.69,394.84,395.28,394.25,393.29,394.11,395.15,395.46
2013,United States,397.93,398.71,399.09,399.21,399.17,397.35,393.46,391.53,392.62,395.46,398.11,399.75
2014,Algeria,398.72,399.62,400.83,401.48,401.65,400.61,397.83,394.94,394.61,396.06,397.5,399.58
2014,American Samoa,396.33,396.42,396.17,395.48,395.1,395.76,396.77,396.55,396.27,396.4,396.53,397.48
2014,Australia,393.76,393.7,393.74,393.95,394.21,394.61,395.15,395.61,395.81,395.73,395.59,395.5
2014,Barbados,398.6,399.0,399.49,400.99,401.75,400.63,397.92,395.23,394.3,395.09,397.3,399.16
2014,Brazil,396.69,396.48,395.94,395.66,396.36,397.86,397.73,397.52,397.63,397.63,398.26,398.44
2014,Canada,403.03,403.78,404.6,404.74,404.92,402.28,394.79,389.28,389.86,394.57,399.52,403.59
2014,Chile,395.2,395.17,394.64,394.48,395.66,396.04,395.5,396.05,395.94,396.05,396.96,397.04
2014,Finland,406.39,408.08,407.01,405.49,403.81,397.84,392.82,391.44,392.28,397.84,403.2,405.49
2014,France,393.48,393.38,393.51,393.96,394.31,394.68,395.29,395.72,396.0,395.98,395.79,394.74
2014,Germany,404.18,406.2,404.84,400.53,396.75,396.84,394.8,389.02,391.48,399.77,406.45,407.89
2014,Greenland,403.11,403.76,403.66,403.85,403.8,400.35,393.69,389.59,389.99,394.81,399.57,402.01
2014,Guam,397.93,399.24,400.12,400.51,401.43,401.12,399.46,397.44,395.66,395.7,397.31,398.8
2014,Hungary,422.37,417.7,408.35,401.49,394.98,393.37,393.56,390.24,392.2,401.34,409.76,414.33
2014,Indonesia,394.12,399.69,400.12,396.28,395.62,395.31,393.6,392.29,393.32,395.02,392.4,393.16
2014,Ireland,402.06,402.36,403.1,404.04,403.21,399.55,393.38,389.17,390.01,395.47,400.08,402.27
2014,Israel,404.73,404.13,403.38,402.56,400.98,398.96,395.34,393.37,395.87,401.43,404.87,404.64
2014,Italy,401.3,401.69,402.26,402.7,400.75,397.54,392.79,390.65,393.88,397.95,401.56,403.24
2014,Japan,393.73,393.46,393.49,393.82,394.11,394.58,395.08,395.52,395.86,395.98,395.84,395.58
2014,Mexico,397.13,397.6,398.38,400.22,401.59,399.62,397.61,396.27,394.13,394.12,396.36,397.6
2014,Mongolia,403.53,404.24,404.09,404.82,401.84,393.7,387.66,391.3,396.25,398.77,401.04,402.15
2014,Namibia,394.53,394.55,395.15,395.25,395.08,396.07,397.46,397.42,396.54,396.4,396.79,396.86
2014,New Zealand,393.9,393.91,393.91,394.13,394.01,394.4,395.58,395.53,395.29,395.77,395.59,395.14
2014,Norway and Sweden,403.51,404.9,404.73,404.53,404.59,401.42,395.14,389.34,389.52,395.1,400.3,402.49
2014,Peoples Republic of China,409.96,409.93,406.39,407.21,404.98,398.1,391.16,389.21,396.31,405.76,405.03,402.65
2014,Portugal,401.06,401.92,402.34,402.45,402.66,399.18,393.66,392.24,392.41,394.56,398.43,400.16
2014,Republic of Kiribati,397.18,397.24,397.63,398.57,397.91,397.09,397.16,397.03,396.94,397.24,397.4,397.4
2014,Republic of Korea,410.38,411.91,412.86,412.61,411.65,406.94,401.2,396.64,399.18,406.18,407.89,412.4
2014,Russia,407.52,407.73,407.25,406.41,405.2,400.63,391.27,387.04,392.58,398.89,402.12,405.13
2014,Seychelles,397.67,397.48,397.21,396.69,395.23,395.11,396.02,396.49,396.73,396.98,397.44,398.47
2014,South Africa,393.74,393.76,393.91,393.74,394.03,394.65,395.12,395.38,395.37,395.47,395.75,395.81
2014,Spain,401.31,400.16,401.08,402.75,401.6,399.28,396.3,394.38,396.12,398.48,401.03,403.23
2014,Taiwan,402.94,403.75,404.23,404.74,403.16,399.8,398.06,396.62,396.22,397.36,399.79,403.62
2014,United Kingdom,395.81,396.53,396.6,396.59,396.85,395.99,395.55,395.69,395.87,396.81,397.23,397.06
2014,United States,400.44,401.02,401.62,402.37,401.93,399.35,395.27,392.93,394.11,397.28,400.26,402.22
2015,Algeria,401.14,402.1,403.41,403.56,403.06,401.79,399.25,397.35,396.47,397.52,400.04,402.44
2015,American Samoa,398.35,398.48,398.66,398.43,397.83,397.71,397.92,398.19,398.39,398.57,399.03,399.77
2015,Australia,395.58,395.72,395.81,396.23,396.71,397.07,397.59,398.14,398.48,398.4,398.34,398.56
2015,Barbados,400.21,401.21,402.14,403.17,403.7,402.61,400.27,397.54,396.54,397.69,399.79,401.55
2015,Brazil,397.7,397.19,398.03,399.45,400.29,399.86,399.33,399.13,399.13,399.13,399.13,401.21
2015,Canada,404.99,406.39,407.47,406.93,406.61,403.59,396.38,391.18,392.47,397.08,402.69,406.22
2015,Chile,397.13,397.12,397.09,397.43,397.02,397.18,398.18,398.23,398.13,398.78,399.21,400.13
2015,Finland,407.17,406.53,406.96,407.9,406.33,400.75,395.76,395.49,394.64,397.7,404.6,408.75
2015,France,395.46,395.45,395.81,396.29,396.48,397.05,397.68,398.09,398.46,398.53,398.44,398.28
2015,Germany,407.24,408.92,407.63,404.06,400.36,397.06,395.55,393.6,395.09,402.22,405.73,407.94
2015,Greenland,403.11,404.13,405.15,405.98,405.48,401.6,395.42,391.96,393.04,397.08,402.4,405.31
2015,Guam,400.58,401.85,401.84,402.42,403.63,403.47,402.74,400.92,398.3,398.13,400.01,401.26
2015,Hungary,416.15,414.06,409.39,404.34,397.8,393.02,394.09,395.19,398.67,411.64,418.55,421.19
2015,Indonesia,397.54,398.57,398.07,397.0,395.56,395.07,394.83,394.56,398.6,404.09,399.45,397.52
2015,Ireland,404.0,405.12,405.21,405.2,404.63,401.45,395.96,391.75,393.06,397.33,401.3,405.07
2015,Israel,404.67,405.93,405.93,405.58,403.84,398.27,396.0,397.87,400.33,404.63,407.35,407.42
2015,Italy,402.64,403.76,404.68,403.96,402.09,398.84,397.96,397.87,396.84,399.45,403.54,405.44
2015,Japan,395.58,395.62,395.7,396.08,396.63,397.1,397.48,398.07,398.5,398.56,398.58,398.53
2015,Mexico,398.11,399.49,400.96,401.47,402.16,401.61,399.34,397.88,397.08,397.3,398.63,400.55
2015,Mongolia,402.97,404.47,405.36,406.31,407.38,403.12,394.73,391.55,394.25,399.19,403.74,408.34
2015,Namibia,396.54,396.39,396.78,397.59,398.03,398.06,398.19,398.98,399.22,398.72,398.46,399.83
2015,New Zealand,395.21,395.37,396.02,397.08,397.21,397.23,398.25,398.8,398.7,398.83,398.73,398.76
2015,Norway and Sweden,404.18,405.85,406.54,406.76,406.1,402.99,396.37,391.01,392.04,397.62,403.22,405.65
2015,Peoples Republic of China,403.97,406.28,409.86,409.08,403.7,399.24,394.48,391.92,395.34,401.92,402.46,403.22
2015,Portugal,400.94,402.05,403.15,404.58,404.65,402.58,398.51,394.03,393.91,397.99,402.39,404.71
2015,Republic of Korea,413.88,412.24,414.52,415.3,411.93,404.4,402.82,403.13,401.92,411.45,418.4,414.88
2015,Russia,407.33,408.72,408.54,407.51,407.21,403.36,393.72,390.41,399.01,405.27,406.62,409.09
2015,Seychelles,399.89,400.78,399.88,397.8,397.3,398.14,398.96,399.05,399.0,399.05,399.76,401.19
2015,South Africa,395.6,395.59,395.82,396.44,397.22,397.26,397.36,397.96,398.11,398.33,398.43,398.25
2015,Spain,403.62,403.82,404.2,404.46,403.44,402.19,400.48,397.32,397.72,401.17,402.58,403.96
2015,Taiwan,406.36,406.06,405.08,405.92,405.05,402.31,400.52,397.52,397.94,401.8,403.79,406.5
2015,United Kingdom,397.76,398.33,399.15,399.3,398.3,397.87,398.56,397.9,397.06,398.35,399.49,400.07
2015,United States,402.98,403.34,403.88,404.12,403.5,401.26,397.37,395.15,396.77,400.24,403.04,405.04
2016,Algeria,404.04,404.89,406.13,407.25,407.21,405.98,403.22,400.47,400.1,401.35,403.78,406.01
2016,American Samoa,400.36,400.9,401.64,401.37,401.24,402.02,402.47,402.46,402.1,402.18,402.55,403.24
2016,Argentina,401.08,401.08,401.08,401.08,401.08,401.19,401.46,401.33,401.27,401.09,400.75,400.48
2016,Australia,398.69,398.73,398.9,399.49,399.94,400.45,401.14,401.43,401.56,401.63,401.36,400.99
2016,Barbados,403.29,404.69,405.53,406.55,407.04,406.01,403.45,400.55,399.51,400.66,403.12,405.27
2016,Brazil,401.19,401.52,401.91,401.22,401.32,402.75,403.35,403.13,403.16,403.42,403.74,404.18
2016,Canada,407.55,408.43,409.09,409.63,409.01,405.41,399.01,393.8,395.37,400.69,405.7,409.24
2016,Chile,400.72,399.77,399.39,400.04,400.21,400.55,400.74,401.48,402.31,401.56,401.23,402.24
2016,Finland,410.37,412.13,413.55,410.57,407.89,403.83,395.39,394.34,400.84,406.52,409.37,410.73
2016,France,398.04,398.14,398.84,399.44,399.89,400.59,401.16,401.35,401.58,401.66,401.31,400.87
2016,Germany,409.53,410.06,410.94,408.3,404.2,400.21,397.02,395.22,398.5,407.32,410.8,411.45
2016,Greenland,406.87,408.09,408.2,408.35,407.9,404.43,398.42,394.51,396.88,402.36,406.47,408.45
2016,Guam,403.53,403.53,403.53,403.53,403.53,403.53,403.53,403.53,403.53,401.75,403.56,405.27
2016,Hungary,421.26,417.47,413.7,408.18,401.41,396.47,394.58,394.79,400.79,413.62,423.34,423.14
2016,Iceland,401.56,401.56,401.56,401.56,401.56,401.56,399.06,394.51,397.15,402.86,406.56,409.23
2016,Indonesia,402.28,401.77,399.52,401.68,402.03,398.77,397.3,396.23,395.99,397.39,399.33,398.32
2016,Ireland,407.03,407.29,408.18,408.71,406.98,403.18,398.4,394.17,397.19,403.55,405.55,407.49
2016,Israel,408.35,410.36,410.22,408.86,407.74,404.22,400.1,399.97,402.29,406.04,409.31,409.7
2016,Italy,405.64,406.34,407.69,407.28,406.58,404.3,399.16,397.95,401.19,403.3,405.2,408.32
2016,Japan,398.26,398.25,398.76,399.34,399.86,400.39,400.99,401.47,401.62,401.6,401.52,401.4
2016,Mexico,402.3,402.88,403.9,405.54,406.97,406.46,403.43,400.43,399.23,401.28,404.51,405.16
2016,Mongolia,409.58,409.19,409.63,410.55,408.99,402.18,395.68,395.88,401.63,405.98,408.36,410.57
2016,Namibia,400.85,400.09,400.08,400.67,401.44,402.57,402.93,403.22,403.07,402.36,402.42,402.36
2016,New Zealand,398.67,398.37,399.5,401.39,401.97,401.56,401.55,401.55,400.95,400.61,400.61,400.61
2016,Norway and Sweden,407.57,409.62,410.15,409.63,408.21,405.19,398.68,393.41,395.39,401.92,406.57,409.47
2016,Peoples Republic of China,405.17,405.61,407.74,409.65,407.63,401.94,398.46,400.82,402.8,404.57,406.69,407.23
2016,Portugal,405.22,405.36,406.44,407.7,406.93,404.64,403.2,400.1,398.27,401.58,405.51,407.56
2016,Republic of Kiribati,403.67,403.67,403.67,404.84,404.27,403.93,403.53,403.27,402.86,402.53,403.27,404.49
2016,Republic of Korea,413.26,415.32,418.9,420.26,413.4,410.37,414.24,411.78,408.48,415.62,417.73,414.88
2016,Russia,409.47,409.17,411.08,410.96,410.12,406.53,397.69,392.68,397.07,404.61,410.41,414.51
2016,Seychelles,402.73,403.81,404.27,403.24,401.29,400.92,401.81,402.06,402.12,402.5,403.04,404.19
2016,South Africa,398.55,399.0,399.17,399.37,399.81,400.08,400.49,401.13,401.15,400.94,401.09,401.18
2016,Spain,404.8,405.08,406.11,405.94,405.16,404.33,402.22,400.25,400.94,403.68,407.58,410.2
2016,Taiwan,409.78,409.08,408.0,408.28,408.48,406.0,402.78,405.5,405.78,405.64,406.82,409.28
2016,United Kingdom,401.08,401.91,402.32,402.4,402.83,402.99,402.62,401.78,401.11,402.46,403.8,403.53
2016,United States,406.18,406.56,406.87,407.13,406.7,404.61,401.38,399.36,400.88,403.93,406.22,407.66
2017,Algeria,407.33,408.51,409.36,409.75,409.75,408.45,405.8,402.98,402.27,403.89,406.05,408.05
2017,American Samoa,404.05,404.11,403.38,402.49,402.16,403.09,404.01,403.79,403.76,404.24,404.75,405.32
2017,Argentina,399.96,399.86,400.6,401.45,402.05,402.62,403.07,403.41,403.6,403.31,402.8,402.62
2017,Australia,400.9,400.98,401.05,401.31,401.67,402.07,402.72,403.28,403.49,403.45,403.5,403.71
2017,Barbados,406.52,407.22,408.19,409.29,409.78,408.42,405.14,402.8,402.3,402.94,404.92,407.12
2017,Brazil,403.87,403.4,403.33,403.38,403.91,404.15,404.05,404.33,404.43,404.72,405.5,405.27
2017,Canada,411.29,412.33,413.38,413.62,413.26,410.16,402.56,396.9,397.69,402.83,407.79,410.79
2017,Chile,402.89,402.78,402.27,402.07,402.13,402.41,402.42,402.42,402.42,402.42,402.42,402.42
2017,Finland,411.53,413.06,414.31,413.97,413.17,408.46,398.41,393.73,401.39,409.31,410.5,412.77
2017,France,400.43,400.41,400.9,401.41,401.79,402.24,402.88,403.53,403.65,403.44,403.26,403.22
2017,Germany,415.88,415.86,412.66,412.08,408.6,402.4,399.88,396.04,397.52,406.25,412.24,413.36
2017,Greenland,410.11,410.93,411.44,411.95,411.27,408.26,402.04,397.21,398.41,404.18,408.99,410.37
2017,Guam,406.48,407.44,407.7,408.51,409.56,409.3,408.16,408.16,408.16,408.16,408.16,408.16
2017,Hungary,431.11,429.8,415.94,410.35,405.58,399.29,399.41,399.21,399.81,410.11,420.56,422.35
2017,Iceland,410.43,411.49,412.71,412.09,410.56,406.34,399.76,395.51,396.75,403.57,408.87,411.29
2017,Indonesia,396.79,400.3,402.26,400.52,398.67,398.67,398.5,394.23,393.88,396.26,398.93,401.87
2017,Ireland,409.89,410.37,411.18,410.83,409.93,408.34,401.95,396.48,397.5,403.35,407.82,409.53
2017,Israel,410.7,411.57,411.06,410.93,409.94,407.05,404.48,403.52,404.15,407.07,410.64,412.2
2017,Italy,410.05,410.32,410.71,410.99,408.54,403.94,401.01,401.04,403.64,406.28,409.04,410.72
2017,Japan,401.2,401.16,401.25,401.34,401.64,402.02,402.65,403.26,403.58,403.81,403.78,403.72
2017,Mexico,404.62,405.72,407.29,408.6,409.03,408.17,405.85,403.37,402.4,402.52,403.56,405.49
2017,Mongolia,411.63,412.0,413.41,413.85,409.48,404.05,399.54,396.96,402.77,408.96,411.61,413.34
2017,Namibia,401.89,401.27,400.89,400.51,400.54,403.24,405.19,405.08,405.11,404.77,404.6,404.52
2017,New Zealand,402.47,401.49,401.11,401.98,402.31,402.17,402.76,402.74,402.57,403.29,403.28,403.45
2017,Norway and Sweden,411.16,412.06,413.2,413.51,412.69,409.68,402.65,396.86,398.34,404.51,408.61,410.78
2017,Peoples Republic of China,408.12,409.57,410.3,411.73,411.55,407.27,402.32,401.31,403.15,405.28,407.83,409.52
2017,Portugal,408.4,409.23,410.75,408.26,408.26,408.26,408.26,408.26,408.26,403.83,407.92,409.4
2017,Republic of Kiribati,404.88,404.88,404.88,404.88,404.88,404.88,404.88,404.88,404.5,404.4,404.85,405.76
2017,Republic of Korea,416.96,416.98,417.03,417.58,414.6,411.96,408.44,403.06,405.81,413.18,415.18,415.79
2017,Russia,416.4,415.24,414.88,414.54,414.04,410.34,400.22,393.89,397.62,406.06,410.96,412.72
2017,Seychelles,405.5,406.13,405.93,403.63,402.59,403.57,403.93,403.64,403.76,404.37,405.36,406.71
2017,South Africa,401.25,401.42,401.48,401.56,401.85,402.44,402.99,403.03,402.86,402.88,403.19,403.47
2017,Spain,409.54,408.78,408.95,409.54,410.42,408.92,405.01,401.96,402.72,406.34,408.38,409.93
2017,Taiwan,409.76,409.92,411.38,411.28,409.63,407.1,405.3,404.19,404.07,405.98,409.15,411.0
2017,United Kingdom,403.79,404.54,404.61,404.68,404.53,404.17,403.83,402.3,401.66,403.11,404.4,404.9
2017,United States,408.49,409.1,409.6,409.79,409.19,407.3,404.35,401.49,402.03,405.45,408.1,409.28
